"Ingemann, B. S.",Historiske Romaner, : I. Valdemar Seier,", København, 1911-1912",001916176:09,texts/ingemann09tom.xml,https://tekster.kb.dk/text/adl-texts-ingemann09tom-root,,,
"Skjoldborg, Johan",Gyldholm,", København, 1902",002046363:02,texts/skjold_02.xml,https://tekster.kb.dk/text/adl-texts-skjold_02-root,,,,
"Knudsen, Jakob","Romaner og Fortællinger, bind 4A",", København, 1917",002220626:06,texts/knud06atom.xml,https://tekster.kb.dk/text/adl-texts-knud06atom-root,,,,
"Grundtvig, N. F. S.",N. F. S. Grundtvigs udvalgte Skrifter,"Gyldendalske Boghandel, København, 1904-1909",001823350:06,texts/grundtvig06val.xml,https://tekster.kb.dk/text/adl-texts-grundtvig06val-root,,,,
"Schandorph, Sophus", Thomas Friis's Historie. - 1904,", København, 1904-05",001832663:04,texts/schandorph04.xml,https://tekster.kb.dk/text/adl-texts-schandorph04-root,,,,
"Jacobsen, J. P.",Niels Lyhne,"Det Danske Sprog- og Litteraturselskab, [København], 1995",001722949:06,texts/jacobjp06val.xml,https://tekster.kb.dk/text/adl-texts-jacobjp06val-root,,,,
"Skjoldborg, Johan",Nye Mænd. Fortælling,", København, 1917",002046378:04,texts/skjold_04.xml,https://tekster.kb.dk/text/adl-texts-skjold_04-root,,,,
"Michaëlis, Sophus",Romersk Foraar og andre Digte,", København, 1921",001940564:11,texts/michs_11.xml,https://tekster.kb.dk/text/adl-texts-michs_11-root,,,,
"Kidde, Harald",Jærnet,"Det Danske Sprog- og Litteraturselskab, [København], cop. 1990",001479974:04,texts/kidde04ny.xml,https://tekster.kb.dk/text/adl-texts-kidde04ny-root,,,,
"Winther, Christian",Poetiske Skrifter,", København, 1927-29",001848833:03,texts/wintherchr03val.xml,https://tekster.kb.dk/text/adl-texts-wintherchr03val-root,,,,
"Hjortø, Knud",Støv og stjærner,"Schubothe, København, 1904",001915177:04,texts/hjort_04.xml,https://tekster.kb.dk/text/adl-texts-hjort_04-root,,,,
"Skjoldborg, Johan",Arbejdets Personlighedsværdi,", København, 1920",001959563:05,texts/skjold_05.xml,https://tekster.kb.dk/text/adl-texts-skjold_05-root,,,,
"Steffens, Henrich",Was ich erlebte,"Josef Mar, Breslau, 1840-44",002086960:11,texts/stef11tom.xml,https://tekster.kb.dk/text/adl-texts-stef11tom-root,,,,
"Palladius, Peder",Peder Palladius' Danske Skrifter,"H.H. Thiele, København, 1911-1926",001823113:02,texts/palladius02val.xml,https://tekster.kb.dk/text/adl-texts-palladius02val-root,,,,
"Larsen, Karl",Daniel-Daniela,"M.P.Madsens Boghandel, København, 1922",000180121:10,texts/larsenk_10.xml,https://tekster.kb.dk/text/adl-texts-larsenk_10-root,,,,
"Goldschmidt, M. A.",M. Goldschmidts Poetiske Skrifter,", København, 1896-98",001823971:09,texts/goldschmidt09tom.xml,https://tekster.kb.dk/text/adl-texts-goldschmidt09tom-root,,,,
"Kingo, Thomas",Digtning i udvalg,"Det Danske Sprog- og Litteraturselskab, [København], 1995",001728064:09,texts/kingo09val.xml,https://tekster.kb.dk/text/adl-texts-kingo09val-root,,,,
"Rode, Helge",Den stille Have,", København, 1922",002064377:08,texts/rode_08.xml,https://tekster.kb.dk/text/adl-texts-rode_08-root,,,,
"Hjortø, Knud",Faust,", København, 1921",001915195:11,texts/hjort_11.xml,https://tekster.kb.dk/text/adl-texts-hjort_11-root,,,,
"Schandorph, Sophus",Fortællinger,", København, 1901",002045746:02,texts/schandorph02val.xml,https://tekster.kb.dk/text/adl-texts-schandorph02val-root,,,,
"Aakjær, Jeppe", Arbejdets Glæde , Hvor der er gjærende Kræfter , Jens Langkniv. - 1919,"Gyldendal, København, 1918-19",002251515:08,texts/aakjaer08tom.xml,https://tekster.kb.dk/text/adl-texts-aakjaer08tom-root,,
"Hertz, Henrik",Udvalgte dramatiske Værker,", København, 1897",002148279:08,texts/hertz08tom.xml,https://tekster.kb.dk/text/adl-texts-hertz08tom-root,,,,
"Knudsen, Jakob","Romaner og Fortællinger, bind 3B",", København, 1917",002220626:05,texts/knud05btom.xml,https://tekster.kb.dk/text/adl-texts-knud05btom-root,,,,
"Schandorph, Sophus",Stillelivs-Folk - Poet og Junker. - 1904,", København, 1904-05",001832663:07,texts/schandorph07.xml,https://tekster.kb.dk/text/adl-texts-schandorph07-root,,,,
"Møller, Poul Martin",Skrifter i Udvalg,", København, 1930",001848831:02,texts/moeller02val.xml,https://tekster.kb.dk/text/adl-texts-moeller02val-root,,,,
"Heiberg, Johan Ludvig",Poetiske Skrifter,", København, 1931-32",001848837:02,texts/heiberg_bind02val.xml,https://tekster.kb.dk/text/adl-texts-heiberg_bind02val-root,,,,
", ",,", , ",000000000:03,texts/tycho-03-urindskrift.xml,https://tekster.kb.dk/text/adl-texts-tycho-03-urindskrift-root,,,,
"Ingemann, B. S.",Historiske Romaner, : I. Valdemar Seier,", København, 1911-1912",001916176:10,texts/ingemann10tom.xml,https://tekster.kb.dk/text/adl-texts-ingemann10tom-root,,,
"Fibiger, Mathilde",Tolv Breve,", København, 1851",001853806:05,texts/fibiger05tom.xml,https://tekster.kb.dk/text/adl-texts-fibiger05tom-root,,,,
"Topsøe, Vilhelm",Udvalgte Skrifter,", København, 1923",005372453:01,texts/topsoe01.xml,https://tekster.kb.dk/text/adl-texts-topsoe01-root,,,,
"Bergsøe, Vilhelm","Poetiske Skrifter, 1-7 - Bind VII",", København, 1905-",002314460:07,texts/berg07tom.xml,https://tekster.kb.dk/text/adl-texts-berg07tom-root,,,,
"Holberg, Ludvig",Værker i tolv bind, 3-7: Komedier,"Rosenkilde og Bagger, [København], 1969-1971",001629300:03,texts/holb03val.xml,https://tekster.kb.dk/text/adl-texts-holb03val-root,,,
"Kidde, Harald", Livet. - 1903,", København, 1902-03",001867237:02,texts/kidde02val.xml,https://tekster.kb.dk/text/adl-texts-kidde02val-root,,,,
"Hjortø, Knud",Under det svindende Lys,"Nyt Nordisk Forlag Arnold Busck, København, 1933",003015628:16,texts/hjort_16.xml,https://tekster.kb.dk/text/adl-texts-hjort_16-root,,,,
"Brahe, Tycho",Tychonis Brahe Dani opera omnia,", Hauniæ, 1913-29",001573955:07,texts/tycho07tom.xml,https://tekster.kb.dk/text/adl-texts-tycho07tom-root,,,,
"Andersen, H. C.",De to Baronesser,"Det Danske Sprog- og Litteraturselskab, [København], 1997",001780363:02,texts/andersen02val.xml,https://tekster.kb.dk/text/adl-texts-andersen02val-root,,,,
"Drachmann, Holger",Samlede poetiske Skrifter,", Kbh. & Kristiania, 1906-1909",001823907:10,texts/drachmann10tom.xml,https://tekster.kb.dk/text/adl-texts-drachmann10tom-root,,,,
"Andersen, H. C.",Kun en Spillemand,"Det Danske Sprog- og Litteraturselskab, [København], cop. 1988",001442770:05,texts/andersen05val.xml,https://tekster.kb.dk/text/adl-texts-andersen05val-root,,,,
"Wessel, Johan Herman",J.H. Wessels Samlede Digte,", København, 1901",005412565:00,texts/wesselhhl.xml,https://tekster.kb.dk/text/adl-texts-wesselhhl-root,,,,
"Andersen, H. C.",I Spanien,"Det Danske Sprog- og Litteraturselskab, [København], [2005]",005047271:09,texts/andersenhc_09.xml,https://tekster.kb.dk/text/adl-texts-andersenhc_09-root,,,,
"Andersen, H. C.",I Sverrig,"Det Danske Sprog- og Litteraturselskab, [København], 2003",003210052:10,texts/andersenhc_10.xml,https://tekster.kb.dk/text/adl-texts-andersenhc_10-root,,,,
"Brandes, Edvard",Gyngende Grund,", København, 1882",002143496:09,texts/brandesed_09.xml,https://tekster.kb.dk/text/adl-texts-brandesed_09-root,,,,
"Aakjær, Jeppe",Bondens Søn , Vadmelsfolk , Vredens Børn. - 1919,"Gyldendal, København, 1918-19",002251515:06,texts/aakjaer06val.xml,https://tekster.kb.dk/text/adl-texts-aakjaer06val-root,,
"Drachmann, Holger",Samlede poetiske Skrifter,", Kbh. & Kristiania, 1906-1909",001823907:09,texts/drachmann09tom.xml,https://tekster.kb.dk/text/adl-texts-drachmann09tom-root,,,,
"Oehlenschläger, Adam",Poetiske Skrifter II,", København, 1926-1930",001823141:02,texts/oehl02val.xml,https://tekster.kb.dk/text/adl-texts-oehl02val-root,,,,
"Sibbern, F. C.",Gabrielis' Breve,", København, 1927",002014388:02,texts/sibbern02val.xml,https://tekster.kb.dk/text/adl-texts-sibbern02val-root,,,,
"Ewald, Johannes",Johannes Ewalds samlede skrifter,"Gyldendal, (Kbh.), (1969)",001601376:05,texts/ewald05val.xml,https://tekster.kb.dk/text/adl-texts-ewald05val-root,,,,
"Heiberg, Johan Ludvig",Poetiske Skrifter,", København, 1931-32",001848837:03,texts/heiberg_bind03.xml,https://tekster.kb.dk/text/adl-texts-heiberg_bind03-root,,,,
"Møller, Poul Martin",Skrifter i Udvalg,", København, 1930",001848831:01,texts/moeller01val.xml,https://tekster.kb.dk/text/adl-texts-moeller01val-root,,,,
"Wied, Gustav",Menneskenes Børn. Silhuetter. 1966,"Rosenkilde og Bagger, København, 1966-",001680948:02,texts/wied02val.xml,https://tekster.kb.dk/text/adl-texts-wied02val-root,,,,
"Oehlenschläger, Adam",Poetiske Skrifter V,", København, 1926-1930",001823141:05,,https://tekster.kb.dk/text/adl-texts--root,,,,
"Holberg, Ludvig",Værker i tolv bind, 1: Natur- og folkeret,"Rosenkilde og Bagger, [København], 1969-1971",001629300:11,texts/holb11val.xml,https://tekster.kb.dk/text/adl-texts-holb11val-root,,,
"Hertz, Henrik","Digte fra forskjellige Perioder, 1.-4. Deel.",", København, 1851-62.",002038239:09,texts/hertz09_lev.xml,https://tekster.kb.dk/text/adl-texts-hertz09_lev-root,,,,
"Heiberg, Johanne Luise",Et liv genoplevet i erindringen,"Gyldendal, [København], 1973-74.",001663554:04,texts/heibfr04.xml,https://tekster.kb.dk/text/adl-texts-heibfr04-root,,,,
", ",Den danske Mercurius / udg. af Paul Ries. - 1984,"Det Danske Sprog- og Litteraturselskab, København, 1984-86",001433218:03,texts/bord03tom.xml,https://tekster.kb.dk/text/adl-texts-bord03tom-root,,,,
"Hostrup, C.",Komedier og Digte,", København, 1954",002939768:01,texts/hostrup01.xml,https://tekster.kb.dk/text/adl-texts-hostrup01-root,,,,
"Kaalund, H. V.",Samlede Digte,", København, 1898",001867576:01,texts/kaalund01.xml,https://tekster.kb.dk/text/adl-texts-kaalund01-root,,,,
"Helgesen, Poul","Skrifter af Paulus Helie 5. Bind  / ved Marius
	  Kristensen. - 1935; Udgivet af Det Danske Sprog- og Litteraturselskab",", København, 1932-1948",001823114:05,texts/helgesen05.xml,https://tekster.kb.dk/text/adl-texts-helgesen05-root,,,,
"Larsen, Karl","De, der tog hjemmefra; 1: Den jydske Møllersøn Jens Storm Schmidt. Tækkemanden Hans Rasmussen fra Nordsjælland","Gyldendalske Boghandel. Nordisk Forlag, København, 1912-1914",002168583:12,texts/larsenk_12_a.xml,https://tekster.kb.dk/text/adl-texts-larsenk_12_a-root,,,,
"Bergsøe, Vilhelm",Fra Piazza del Popolo,"Det Danske Sprog- og Litteraturselskab, [København], [1988]",001463176:02,texts/bergsoev02.xml,https://tekster.kb.dk/text/adl-texts-bergsoev02-root,,,,
"Brandes, Georg",Samlede Skrifter,", København, 1899-1910",001823972:15,texts/brandes15tom.xml,https://tekster.kb.dk/text/adl-texts-brandes15tom-root,,,,
"Bergsøe, Vilhelm","Poetiske Skrifter, 1-7 - bind I",", København, 1905-",002314460:01,texts/berg01tom.xml,https://tekster.kb.dk/text/adl-texts-berg01tom-root,,,,
"Bang, Herman",Værker i Mindeudgave,"Gyldendal, København, 1920-1921",001823910:04,texts/bang04val.xml,https://tekster.kb.dk/text/adl-texts-bang04val-root,,,,
"Bergsøe, Vilhelm",Fra Piazza del Popolo,"Det Danske Sprog- og Litteraturselskab, [København], [1988]",001463177:01,texts/bergsoev01ny.xml,https://tekster.kb.dk/text/adl-texts-bergsoev01ny-root,,,,
"Jacobsen, J. P.","Samlede Værker
      I; Udg. paa Grundlag af Digterens efterladte Papirer af Morten Borup",", København, 1924-29",001823911:01,texts/jacob01val.xml,https://tekster.kb.dk/text/adl-texts-jacob01val-root,,,,
"Larsen, Karl",Set og tænkt under den store Krig,"Erslev & Hasselbalchs Forlag, København, 1915",001967777:19,texts/larsenk_19.xml,https://tekster.kb.dk/text/adl-texts-larsenk_19-root,,,,
"Nansen, Peter","Samlede
      Skrifter; Bd. 3: Noveller; Skitser; Dramatiske Smaating","Gyldendal, [København], 1908-09",004175732:03,texts/nansen03ny.xml,https://tekster.kb.dk/text/adl-texts-nansen03ny-root,,,,
"Drachmann, Holger",Samlede poetiske Skrifter,", Kbh. & Kristiania, 1906-1909",001823907:04,texts/drachmann04tom.xml,https://tekster.kb.dk/text/adl-texts-drachmann04tom-root,,,,
"Stub, Ambrosius",Digte,"Rosenkilde og Bagger, [København], 1972",001670222:02,texts/stub02val.xml,https://tekster.kb.dk/text/adl-texts-stub02val-root,,,,
"Claussen, Sophus",Sophus Claussens lyrik, Bd. 3: Djævlerier,"Det Danske Sprog- og Litteraturselskab ; Gyldendal, [København], 1982-",001383642:05,texts/claussen05val.xml,https://tekster.kb.dk/text/adl-texts-claussen05val-root,,,
"Oehlenschläger, Adam",Poetiske Skrifter I,", København, 1926-1930",001823141:01,texts/oehl01val.xml,https://tekster.kb.dk/text/adl-texts-oehl01val-root,,,,
"Heiberg, Johanne Luise", 2. og 3. Del : 1842-56,", København, 1944",001825908:06,texts/heibfr06val.xml,https://tekster.kb.dk/text/adl-texts-heibfr06val-root,,,,
"Nansen, Peter",Samlede Skrifter, Bd. 1: Julies Dagbog, Maria, Guds Fred,"Gyldendal, [København], 1908-09",004175732:01,texts/nansen01tom.xml,https://tekster.kb.dk/text/adl-texts-nansen01tom-root,
"Claussen, Sophus",Sophus Claussens lyrik, Bd. 4: Danske vers,"Det Danske Sprog- og Litteraturselskab ; Gyldendal, [København], 1982-",001383642:06,texts/claussen06val.xml,https://tekster.kb.dk/text/adl-texts-claussen06val-root,,,
"Kingo, Thomas",Samlede skrifter 7,"Munksgaard, København, 1939-74.",001614819:07,texts/kingo07.xml,https://tekster.kb.dk/text/adl-texts-kingo07-root,,,,
"Michaëlis, Sophus",Giovanna. En Historie fra Staden med de skønne Taarne,", København, 1901",002150314:06,texts/michs_06.xml,https://tekster.kb.dk/text/adl-texts-michs_06-root,,,,
"Steffens, Henrich",Was ich erlebte,"Josef Mar, Breslau, 1840-44",002086960:07,texts/stef07tom.xml,https://tekster.kb.dk/text/adl-texts-stef07tom-root,,,,
"Staffeldt, A. W. Schack von",Samlede digte,"Det Danske Sprog- og Litteraturselskab, København, 2001",002256026:02,texts/staf02tom.xml,https://tekster.kb.dk/text/adl-texts-staf02tom-root,,,,
"Arrebo, Anders", Melodierne i K. Davids Psalter 1627. Med en indledning af Lars Bülow Davidsen samt to melodier udsat for fire stemmer i En Sørgelig Ny Dict 1612. Udg. i transskription med kommentarer af Henrik Glahn. 1981,"Munksgaard, København, 1965-83.",001625930:04,texts/arre04tom.xml,https://tekster.kb.dk/text/adl-texts-arre04tom-root,,,,
"Blicher, Steen Steensen",Udvalgte værker,"Gyldendal, København, 1982-83",001383696:07,texts/blich07.xml,https://tekster.kb.dk/text/adl-texts-blich07-root,,,,
  ,87-00-42402-1,,https://tekster.kb.dk/text/adl-texts--root,,,,,,
  ,87-00-43652-6,,https://tekster.kb.dk/text/adl-texts--root,,,,,,
  ,87-00-4365-4,,https://tekster.kb.dk/text/adl-texts--root,,,,,,
"Hjortø, Knud",Syner,"Det Danske Sprog- og Litteraturselskab, [København], 2003",002896283:01,texts/hjort_01.xml,https://tekster.kb.dk/text/adl-texts-hjort_01-root,,,,
"Hjortø, Knud",Hans Heilums nat,", København, 1924",001915198:14,texts/hjort_14.xml,https://tekster.kb.dk/text/adl-texts-hjort_14-root,,,,
"Bang, Herman",Værker i Mindeudgave,"Gyldendal, København, 1920-1921",001823910:05,texts/bang05val.xml,https://tekster.kb.dk/text/adl-texts-bang05val-root,,,,
"Bang, Herman",Fædra. Brudstykker af et livs historie.,"J.H. Schubothes boghandel. Græbes bogtrykkeri, Kjøbenhavn, 1883",002045299:11,texts/bang11val.xml,https://tekster.kb.dk/text/adl-texts-bang11val-root,,,,
"Steffens, Henrich",Was ich erlebte,"Josef Mar, Breslau, 1840-44",002086960:03,texts/stef03tom.xml,https://tekster.kb.dk/text/adl-texts-stef03tom-root,,,,
"Hertz, Henrik",Udvalgte dramatiske Værker,", København, 1897",002148279:06,texts/hertz06tom.xml,https://tekster.kb.dk/text/adl-texts-hertz06tom-root,,,,
"Drachmann, Holger",Samlede poetiske Skrifter,", Kbh. & Kristiania, 1906-1909",001823907:05,texts/drachmann05tom.xml,https://tekster.kb.dk/text/adl-texts-drachmann05tom-root,,,,
"Sthen, Hans Christensen",En liden Vandrebog,"Det Danske Sprog- og Litteraturselskab, København, 1994",:01,texts/sthen01val.xml,https://tekster.kb.dk/text/adl-texts-sthen01val-root,,,,
"Goldschmidt, M. A.",M. Goldschmidts Poetiske Skrifter,", København, 1896-98",001823971:12,texts/goldschmidt12tom.xml,https://tekster.kb.dk/text/adl-texts-goldschmidt12tom-root,,,,
"Hertz, Henrik",Udvalgte dramatiske Værker,", København, 1897",002148279:04,texts/hertz04val.xml,https://tekster.kb.dk/text/adl-texts-hertz04val-root,,,,
"Gyllembourg-Ehrensvärd, T. C.",samlede skrifter af Forf,", København, 1866-67",002729949:07,texts/gyllem07tom.xml,https://tekster.kb.dk/text/adl-texts-gyllem07tom-root,,,,
"Schandorph, Sophus", Vilhelm Vangs Studenteraar - Frigjort. - 1905,", København, 1904-05",001832663:08,texts/schandorph08.xml,https://tekster.kb.dk/text/adl-texts-schandorph08-root,,,,
"Rode, Helge",Det store Forlis,", København, 1917",001923196:06,texts/rode_06.xml,https://tekster.kb.dk/text/adl-texts-rode_06-root,,,,
"Skjoldborg, Johan",En Stridsmand,", København, 1896",001874833:01,texts/skjold_01.xml,https://tekster.kb.dk/text/adl-texts-skjold_01-root,,,,
"Biehl, Charlotta Dorothea",Den listige Optrækkerske,", København, 1765",002324650:02,texts/biehl02tom.xml,https://tekster.kb.dk/text/adl-texts-biehl02tom-root,,,,
"Ewald, Johannes",Johannes Ewalds samlede skrifter,"Gyldendal, (Kbh.), (1969)",001601376:04,texts/ewald04val.xml,https://tekster.kb.dk/text/adl-texts-ewald04val-root,,,,
"Bergsøe, Vilhelm","Poetiske Skrifter, 1-7 - Bind V",", København, 1905-",002314460:05,texts/berg05tom.xml,https://tekster.kb.dk/text/adl-texts-berg05tom-root,,,,
"Hjortø, Knud",Kraft,", København, 1902",001915174:02,texts/hjort_02.xml,https://tekster.kb.dk/text/adl-texts-hjort_02-root,,,,
"Fibiger, Mathilde",En Skizze efter det virkelige Liv,", København, 1853",001913360:04,texts/fibiger04tom.xml,https://tekster.kb.dk/text/adl-texts-fibiger04tom-root,,,,
"Claussen, Sophus",Sophus Claussens lyrik, : ,"Det Danske Sprog- og Litteraturselskab ; Gyldendal, [København], 1982-",001383642:12,texts/claussen12val.xml,https://tekster.kb.dk/text/adl-texts-claussen12val-root,,,
"Schandorph, Sophus", Uden Midtpunkt - Smaafolk. - 1904,", København, 1904-05",001832663:03,texts/schandorph03ret1.xml,https://tekster.kb.dk/text/adl-texts-schandorph03ret1-root,,,,
", ",,", , ",000000000:04,texts/tycho-04-uraniatitani.xml,https://tekster.kb.dk/text/adl-texts-tycho-04-uraniatitani-root,,,,
"Bang, Herman",Ludvigsbakke,"Det Danske Sprog- og Litteraturselskab, [København], 1986",001391892:09,texts/bang09val.xml,https://tekster.kb.dk/text/adl-texts-bang09val-root,,,,
"Jacobsen, Jørgen-Frantz",Barbara,"Gyldendal, København, 1939",007995423:01,texts/jacobjf_01.xml,https://tekster.kb.dk/text/adl-texts-jacobjf_01-root,,,,
"Ewald, Johannes",Johannes Ewalds samlede skrifter,"Gyldendal, (Kbh.), (1969)",001601376:03,texts/ewald03val.xml,https://tekster.kb.dk/text/adl-texts-ewald03val-root,,,,
"Blicher, Steen Steensen",Digte og Noveller,", København, 1946",002325397:01,texts/blich01tom.xml,https://tekster.kb.dk/text/adl-texts-blich01tom-root,,,,
"Thomissøn, Hans",Den danske Psalmebog met mange christelige psalmer,"Laurenz Benedicht, København, (1969)",001630207:01,texts/thom01tom.xml,https://tekster.kb.dk/text/adl-texts-thom01tom-root,,,,
"Ingemann, B. S.",Procne,"Boas Brünnich, København, 1813",002158988:05,texts/ingemann05tom.xml,https://tekster.kb.dk/text/adl-texts-ingemann05tom-root,,,,
"Arrebo, Anders", Hexaëmeron. Lejlighedsdigte. Breve. Udg. af Vagn Lundgaard Simonsen. 1965,"Munksgaard, København, 1965-83.",001625930:01,texts/arrebo01val.xml,https://tekster.kb.dk/text/adl-texts-arrebo01val-root,,,,
"Blicher, Steen Steensen",Udvalgte værker,"Gyldendal, [København], 1982-83",001383696:04,texts/blich04.xml,https://tekster.kb.dk/text/adl-texts-blich04-root,,,,
  ,87-00-41862-5,,https://tekster.kb.dk/text/adl-texts--root,,,,,,
  ,87-00-43652-6,,https://tekster.kb.dk/text/adl-texts--root,,,,,,
  ,87-00-43653-4,,https://tekster.kb.dk/text/adl-texts--root,,,,,,
"Larsen, Karl","De, der tog hjemmefra; 4: En tro Tjener. Moder og Børn. Forsvunden - genfunden","Gyldendalske Boghandel. Nordisk Forlag, København, 1912-1914",002168583:15,texts/larsenk_15.xml,https://tekster.kb.dk/text/adl-texts-larsenk_15-root,,,,
"Bagger, Carl",Udvalgte Skrifter,", København, 1928",002299465:01,texts/bagger01val.xml,https://tekster.kb.dk/text/adl-texts-bagger01val-root,,,,
"Staffeldt, A. W. Schack von",Samlede digte,"Det Danske Sprog- og Litteraturselskab, København, 2001",002256026:03,texts/staf03tom.xml,https://tekster.kb.dk/text/adl-texts-staf03tom-root,,,,
"Stuckenberg, Viggo",Samlede Værker,", København, 1910-11",001849994:01,texts/stuckenberg01.xml,https://tekster.kb.dk/text/adl-texts-stuckenberg01-root,,,,
"Arrebo, Anders"," Davids Psalmer, 1623
      og 1627. Udvalgte bønner. Udg. af Vagn Lundgaard Simonsen. 1-2. 1968","Munksgaard, København, 1965-83.",001625930:02,texts/arre02tom.xml,https://tekster.kb.dk/text/adl-texts-arre02tom-root,,,,
"Aarestrup, Emil",Udvalgte digte,"Det Danske Sprog- og Litteraturselskab, [København], 1999",001870521:07,texts/aarestrup07val.xml,https://tekster.kb.dk/text/adl-texts-aarestrup07val-root,,,,
"Paludan-Müller, Fr.",Dandserinden,"Det Danske Sprog- og Litteraturselskab, [København], 1991",001497562:04,texts/paludanm04.xml,https://tekster.kb.dk/text/adl-texts-paludanm04-root,,,,
"Holberg, Ludvig",Værker i tolv bind, 3-7: Komedier,"Rosenkilde og Bagger, [København], 1969-1971",001629300:05,texts/holb05val.xml,https://tekster.kb.dk/text/adl-texts-holb05val-root,,,
"Ingemann, B. S.","Landsbybørnene, Bd. 2","Det danske Forlag, København, 1943",001916180:07,texts/ingemann07tom.xml,https://tekster.kb.dk/text/adl-texts-ingemann07tom-root,,,,
"Rode, Helge",Den vilde Rose,"Gyldendal, København, 1931",002064379:13,texts/rode_13.xml,https://tekster.kb.dk/text/adl-texts-rode_13-root,,,,
"Grundtvig, N. F. S.",N. F. S. Grundtvigs udvalgte Skrifter,"Gyldendalske Boghandel, København, 1904-1909",001823350:02,texts/grundtvig02val.xml,https://tekster.kb.dk/text/adl-texts-grundtvig02val-root,,,,
"Falster, Christian","Satirer, 1720-42","Det Danske Sprog- og Litteraturselskab, København, 1982",001400990:04,texts/falster04.xml,https://tekster.kb.dk/text/adl-texts-falster04-root,,,,
"Worm, Jacob",Kommentar. - 1971,", København, [1968]-1994",001629316:02,texts/worm02tom.xml,https://tekster.kb.dk/text/adl-texts-worm02tom-root,,,,
"Knudsen-Hjortø, Knud",Folk,", København, 1903",001915175:03,texts/hjort_03.xml,https://tekster.kb.dk/text/adl-texts-hjort_03-root,,,,
"Larsen, Karl",Seksten Aar,", København, 1900",002220390:05,texts/larsenk_05.xml,https://tekster.kb.dk/text/adl-texts-larsenk_05-root,,,,
"Worm, Jacob","Wormiana / samlede af Erik Sønderholm ; udg. af Poul Lindegård Hjorth. - [Kbh.] : C. A. Reitzels, 1994",", København, [1968]-1994",001629316:04,texts/worm04tom.xml,https://tekster.kb.dk/text/adl-texts-worm04tom-root,,,,
"Holberg, Ludvig",Værker i tolv bind, 3-7: Komedier,"Rosenkilde og Bagger, [København], 1969-1971",001629300:07,texts/holb07val.xml,https://tekster.kb.dk/text/adl-texts-holb07val-root,,,
"Aarestrup, Emil",Emil Aarestrups samlede skrifter,"C. A. Reitzel, København, 1976",001582980:06,texts/aarestrup06f.xml,https://tekster.kb.dk/text/adl-texts-aarestrup06f-root,,,,
"Biehl, Charlotta Dorothea",Moralske Fortællinger,", København, 1781-82",002161766:05,texts/biehl05tom.xml,https://tekster.kb.dk/text/adl-texts-biehl05tom-root,,,,
"Aakjær, Jeppe", Vadmelsfolk , Af Gammel Jehannes hans Bivelskistaarri , Esper Tækki. - 1919,"Gyldendal, København, 1918-19",002251515:07,texts/aakjaer07tom.xml,https://tekster.kb.dk/text/adl-texts-aakjaer07tom-root,,
"Blicher, Steen Steensen",Udvalgte værker,"Gyldendal, [København], 1982-83",001383696:06,texts/blich06.xml,https://tekster.kb.dk/text/adl-texts-blich06-root,,,,
  ,87-00-42182-0,,https://tekster.kb.dk/text/adl-texts--root,,,,,,
  ,87-00-43652-6,,https://tekster.kb.dk/text/adl-texts--root,,,,,,
  ,87-00-43653-4,,https://tekster.kb.dk/text/adl-texts--root,,,,,,
"Wessel, Johan Herman",Lykken bedre end Forstanden. Et Lystspil i 5 Optog,", [S.l.], [s.a.]",002160401:00,texts/wessel-lykken.xml,https://tekster.kb.dk/text/adl-texts-wessel-lykken-root,,,,
"Schack, Hans Egede",Phantasterne,"Det Danske Sprog- og Litteraturselskab, [København], 1993",001565640:00,texts/schackval.xml,https://tekster.kb.dk/text/adl-texts-schackval-root,,,,
"Gjellerup, Karl",Romulus. En Novelle,", København, 1883",001913811:02,texts/gjellerup02.xml,https://tekster.kb.dk/text/adl-texts-gjellerup02-root,,,,
"Brorson, Hans Adolph"," Troens rare Klenodie, 3.-7. del, samt 2 tillæg. - 1953",", København, 1951-56",001848791:02,texts/brorson02val.xml,https://tekster.kb.dk/text/adl-texts-brorson02val-root,,,,
"Larsen, Karl","Krig, Kultur og Danmark","Gyldendalske Boghandel, Nordisk Forlag, Kjøbenhavn, 1916",001967748:17,texts/larsenk_17.xml,https://tekster.kb.dk/text/adl-texts-larsenk_17-root,,,,
"Schandorph, Sophus", Et Aar i Embede - Skovfogedbørnene. - 1904,", København, 1904-05",001832663:05,texts/schandorph05.xml,https://tekster.kb.dk/text/adl-texts-schandorph05-root,,,,
"Arrebo, Anders", Indledning og kommentar. Ved Vagn Lundgaard Simonsen under medvirken af Flemming Hovmann. Ordbog ved Ebba Hjorth. 1983,"Munksgaard., København, 1965-83.",001625930:05,texts/arre05tom.xml,https://tekster.kb.dk/text/adl-texts-arre05tom-root,,,,
"Brandes, Edvard",En Politiker,"P. G. Philipsen, Kjøbenhavn, 1889",002015958:04,texts/brandesed_04.xml,https://tekster.kb.dk/text/adl-texts-brandesed_04-root,,,,
"Goldschmidt, M. A.",Arvingen,"Det Danske Sprog- og Litteraturselskab, [S.l.], 1988",001445737:01,texts/goldschmidt01.xml,https://tekster.kb.dk/text/adl-texts-goldschmidt01-root,,,,
"Heiberg, Johanne Luise",Et liv genoplevet i erindringen,"Gyldendal, [København], 1973-74.",001663554:03,texts/heibfr03.xml,https://tekster.kb.dk/text/adl-texts-heibfr03-root,,,,
", ",,", , ",000000000:05,texts/tycho-05-epigrammersofiebrahe-eriklange.xml,https://tekster.kb.dk/text/adl-texts-tycho-05-epigrammersofiebrahe-eriklange-root,,,,
"Brorson, Hans Adolph", Svane-Sang , Lissabon , Mindre digte , Prosaskrifter , Tillæg : Paul Diderichsen: Filologisk redegørelse. Arthur Arnholtz: Brorsons vers- og sangkunst. - 1956,", København, 1951-56",001848791:03,texts/brorson03grval.xml,https://tekster.kb.dk/text/adl-texts-brorson03grval-root
"Fibiger, Mathilde","""Et Besøg"",", København," 1851""",001913359:02,texts/fibiger02val.xml,https://tekster.kb.dk/text/adl-texts-fibiger02val-root,,,
"Claussen, Sophus",Sophus Claussens lyrik, Bd. 5: Fabler,"Det Danske Sprog- og Litteraturselskab ; Gyldendal, [København], 1982-",001383642:07,texts/claussen07val.xml,https://tekster.kb.dk/text/adl-texts-claussen07val-root,,,
"Baggesen, Jens"," Riimbreve og poetiske Epistler. 1. Samling, 1784-1808. - 1890",", København, 1889-1903",001823352:02,texts/baggesen02val.xml,https://tekster.kb.dk/text/adl-texts-baggesen02val-root,,,,
"Michaëlis, Sophus",Revolutions-Bryllup,"Gyldendal, København, 1906",001922848:07,texts/michs_07.xml,https://tekster.kb.dk/text/adl-texts-michs_07-root,,,,
"Brandes, Georg",Samlede Skrifter,", København, 1899-1910",001823972:16,texts/brandes16tom.xml,https://tekster.kb.dk/text/adl-texts-brandes16tom-root,,,,
"Grundtvig, N. F. S.",N. F. S. Grundtvigs udvalgte Skrifter,"Gyldendalske Boghandel, København, 1904-1909",001823350:09,texts/grundtvig09val.xml,https://tekster.kb.dk/text/adl-texts-grundtvig09val-root,,,,
"Grundtvig, N. F. S.",N. F. S. Grundtvigs udvalgte Skrifter,"Gyldendalske Boghandel, København, 1904-1909",001823350:01,texts/grundtvig01val.xml,https://tekster.kb.dk/text/adl-texts-grundtvig01val-root,,,,
", ",,", , ",000000000:07,texts/tycho-07-brevdigteriklange.xml,https://tekster.kb.dk/text/adl-texts-tycho-07-brevdigteriklange-root,,,,
"Steffens, Henrich",Was ich erlebte,"Josef Mar, Breslau, 1840-44",002086960:05,texts/stef05tom.xml,https://tekster.kb.dk/text/adl-texts-stef05tom-root,,,,
"Michaëlis, Sophus",Vanemennesker,"Jacob H. Mansas Forlag, København, 1892",002150303:02,texts/michs_02.xml,https://tekster.kb.dk/text/adl-texts-michs_02-root,,,,
"Andersen, H. C.","H.C. Andersens Eventyr bd. VI; kritisk udg. efter de originale eventyrhæfter med varianter
	  ved Erik Dal","C. A. Reitzel, København, 1990",001527411:06,texts/hcaeventyr06val.xml,https://tekster.kb.dk/text/adl-texts-hcaeventyr06val-root,,,,
"Aarestrup, Emil",Emil Aarestrups samlede skrifter,"C. A. Reitzel, København, 1976",001582980:06,texts/aarestrup06e.xml,https://tekster.kb.dk/text/adl-texts-aarestrup06e-root,,,,
"Bergsøe, Vilhelm","Poetiske Skrifter, 1-7 - Bind VI",", København, 1905-",002314460:06,texts/berg06tom.xml,https://tekster.kb.dk/text/adl-texts-berg06tom-root,,,,
"Holberg, Ludvig",Værker i tolv bind, 1: Natur- og folkeret,"Rosenkilde og Bagger, [København], 1969-1971",001629300:01,texts/holberg01val.xml,https://tekster.kb.dk/text/adl-texts-holberg01val-root,,,
"Wied, Gustav",Digt og Virkelighed. Nogle Aforismer. Lystige Historier. 1966,"Rosenkilde og Bagger, København, 1966-",001680948:01,texts/wied01val.xml,https://tekster.kb.dk/text/adl-texts-wied01val-root,,,,
"Wied, Gustav",Barnlige Sjæle. To Kroner og halvtreds. Erotik. En Bryllupsnat. 1967,"Rosenkilde og Bagger, København, 1966-",001680948:03,texts/wied03tom.xml,https://tekster.kb.dk/text/adl-texts-wied03tom-root,,,,
"Nansen, Peter",Samlede Skrifter, Bd. 2: Et Hjem, Fra Rusaaret Judiths Ægteskab,"Gyldendal, [København], 1908-09",004175732:02,texts/nansen02tom.xml,https://tekster.kb.dk/text/adl-texts-nansen02tom-root,,
"Holberg, Ludvig",Værker i tolv bind, 2: Peder Paars,"Rosenkilde og Bagger, [København], 1969-1971",001629300:02,texts/holberg02.xml,https://tekster.kb.dk/text/adl-texts-holberg02-root,,,
"Aarestrup, Emil",Emil Aarestrups samlede skrifter,"C. A. Reitzel, København, 1976",001582980:06,texts/aarestrup06b.xml,https://tekster.kb.dk/text/adl-texts-aarestrup06b-root,,,,
"Jacobsen, J. P.",Lyrik og prosa,"Det Danske Sprog- og Litteraturselskab, [København], 1993",001565683:08,texts/jacobjp08val.xml,https://tekster.kb.dk/text/adl-texts-jacobjp08val-root,,,,
"Helgesen, Poul","Skrifter af Paulus Helie 1. Bind  / ved Marius
	  Kristensen. - 1932; Udgivet af Det Danske Sprog- og Litteraturselskab",", København, 1932-1948",001823114:01,texts/helgesen01.xml,https://tekster.kb.dk/text/adl-texts-helgesen01-root,,,,
"Wied, Gustav",Fædrene æde Druer. 1968,"Rosenkilde og Bagger, København, 1966-",001680948:11,texts/wied11val.xml,https://tekster.kb.dk/text/adl-texts-wied11val-root,,,,
"Gyllembourg-Ehrensvärd, T. C.",samlede skrifter af Forf,", København, 1866-67",002729949:03,texts/gyllem03tom.xml,https://tekster.kb.dk/text/adl-texts-gyllem03tom-root,,,,
"Goldschmidt, M. A.",M. Goldschmidts Poetiske Skrifter,", København, 1896-98",001823971:08,texts/goldschmidt08tom.xml,https://tekster.kb.dk/text/adl-texts-goldschmidt08tom-root,,,,
"Grundtvig, N. F. S.", Salmer og Kristelige Digte : 1855?-72. - 1951,", København, 1944-1964",001823825:15,texts/grundtvig15tom.xml,https://tekster.kb.dk/text/adl-texts-grundtvig15tom-root,,,,
"Larsen, Karl",Militarismens Fallit,"Nyt Nordisk Forlag, København, 1919",003455836:18,texts/larsenk_18.xml,https://tekster.kb.dk/text/adl-texts-larsenk_18-root,,,,
"Staffeldt, A. W. Schack von",Samlede digte,"Det Danske Sprog- og Litteraturselskab, København, 2001",002256026:01,texts/staffeldt01val.xml,https://tekster.kb.dk/text/adl-texts-staffeldt01val-root,,,,
"Holberg, Ludvig",Seks komedier,"Det Danske Sprog- og Litteraturselskab, [København], 1994",001706412:14,texts/holberg14val.xml,https://tekster.kb.dk/text/adl-texts-holberg14val-root,,,,
"Schandorph, Sophus",Fortællinger,", København, 1901",002045746:01,texts/schandorph01val.xml,https://tekster.kb.dk/text/adl-texts-schandorph01val-root,,,,
"Worm, Jacob",Indledning. - 1971,", København, [1968]-1994",001629316:03,texts/worm03tom.xml,https://tekster.kb.dk/text/adl-texts-worm03tom-root,,,,
"Steffens, Henrich",Was ich erlebte,"Josef Mar, Breslau, 1840-44",002086960:08,texts/stef08tom.xml,https://tekster.kb.dk/text/adl-texts-stef08tom-root,,,,
"Falster, Christian","Satirer, 1720-42","Det Danske Sprog- og Litteraturselskab, København, 1982",001400990:05,texts/falster05.xml,https://tekster.kb.dk/text/adl-texts-falster05-root,,,,
"Andersen, H. C.",Fodreise fra Holmens Canal til Østpynten af Amager i Aarene 1828 og 1829 ,"Det Danske Sprog- og Litteraturselskab, [København], cop. 1986",001391913:06,texts/andersen06val.xml,https://tekster.kb.dk/text/adl-texts-andersen06val-root,,,,
"Rode, Helge",Moderen,", København, 1920",001524353:07,texts/rode_07.xml,https://tekster.kb.dk/text/adl-texts-rode_07-root,,,,
"Juel-Hansen, Erna",Sex Noveller,", København, 1885",001916301:02,texts/juelh02val.xml,https://tekster.kb.dk/text/adl-texts-juelh02val-root,,,,
"Aarestrup, Emil",Emil Aarestrups samlede skrifter,"C. A. Reitzel, København, 1976",001582980:06,texts/aarestrup06.xml,https://tekster.kb.dk/text/adl-texts-aarestrup06-root,,,,
"Larsen, Karl","De, der tog hjemmefra; 2: Forvalterfarmeren og hans Hustru. En Københavner paa Trampen. Den Fynske Husmandssøn Poul Jørgensen","Gyldendalske Boghandel. Nordisk Forlag, København, 1912-1914",002168583:13,texts/larsenk_13.xml,https://tekster.kb.dk/text/adl-texts-larsenk_13-root,,,,
"Hjortø, Knud",Grøn ungdom og grå sjæle,", København, 1911",001915185:07,texts/hjort_07.xml,https://tekster.kb.dk/text/adl-texts-hjort_07-root,,,,
"Claussen, Sophus",Sophus Claussens lyrik, Bd. 1: Naturbørn,"Det Danske Sprog- og Litteraturselskab ; Gyldendal, [København], 1982-",001383642:03,texts/claussen03val.xml,https://tekster.kb.dk/text/adl-texts-claussen03val-root,,,
"Paludan-Müller, Fr.","Paludan-Müllers poetiske Skrifter i Udvalg, III. Bind",", København, 1909",001848840:03,texts/paludanm03.xml,https://tekster.kb.dk/text/adl-texts-paludanm03-root,,,,
"Drachmann, Holger",Samlede poetiske Skrifter,", Kbh. & Kristiania, 1906-1909",001823907:06,texts/drachmann06tom.xml,https://tekster.kb.dk/text/adl-texts-drachmann06tom-root,,,,
"Andersen, H. C.",Improvisatoren,"Det Danske Sprog- og Litteraturselskab, [København], cop. 1991",001517385:03,texts/andersen03val.xml,https://tekster.kb.dk/text/adl-texts-andersen03val-root,,,,
"Michaëlis, Sophus",Æbelø,", København, 1895",002150305:04,texts/michs_04.xml,https://tekster.kb.dk/text/adl-texts-michs_04-root,,,,
"Helgesen, Poul",Skrifter af Paulus Helie 2. Bind  / ved Marius Kristensen. - 1932; Udgivet af Det Danske Sprog- og Litteraturselskab,", København, 1932-1948",001823114:02,texts/helgesen02.xml,https://tekster.kb.dk/text/adl-texts-helgesen02-root,,,,
"Richardt, Chr.",Samlede Digte. Tredje Deel.,", København, 1895",002053814:03,texts/richardt03.xml,https://tekster.kb.dk/text/adl-texts-richardt03-root,,,,
"Baggesen, Jens", Blandede Digte. 2. Samling. - 1903,", København, 1889-1903",001823352:05,texts/baggesen05tom.xml,https://tekster.kb.dk/text/adl-texts-baggesen05tom-root,,,,
"Paludan-Müller, Fr.","Paludan-Müllers poetiske Skrifter i Udvalg, II. Bind",", København, 1909",001848840:02,texts/paludanm02.xml,https://tekster.kb.dk/text/adl-texts-paludanm02-root,,,,
"Gyllembourg-Ehrensvärd, T. C.",Drøm og Virkelighed,"Det Danske Sprog- og Litteraturselskab, [København], cop. 1986",001391914:14,texts/gyllem14val.xml,https://tekster.kb.dk/text/adl-texts-gyllem14val-root,,,,
"Lyschander, C. C.",C. C. Lyschander's digtning 1579-1623,", Kbh. Reitzel, 1989",001451843:00,texts/lyschander.xml,https://tekster.kb.dk/text/adl-texts-lyschander-root,,,,
"Gyllembourg-Ehrensvärd, T. C.",Ægtestand,"Dansklærerforeningen/Skov, [Varde], cop. 1982",001397142:15,texts/gyllem15.xml,https://tekster.kb.dk/text/adl-texts-gyllem15-root,,,,
"Drachmann, Holger",Samlede poetiske Skrifter,", Kbh. & Kristiania, 1906-1909",001823907:03,texts/drachmann03tom.xml,https://tekster.kb.dk/text/adl-texts-drachmann03tom-root,,,,
"Michaëlis, Sophus",Himmelskibet,"Gyldendal, København, 1921",002150338:10,texts/michs_10.xml,https://tekster.kb.dk/text/adl-texts-michs_10-root,,,,
"Knudsen, Jakob",Romaner og Fortællinger,", København, 1917",002220626:03,texts/knud03ctom.xml,https://tekster.kb.dk/text/adl-texts-knud03ctom-root,,,,
"Oehlenschläger, Adam",Poetiske Skrifter IV,", København, 1926-1930",001823141:04,texts/oehl04val.xml,https://tekster.kb.dk/text/adl-texts-oehl04val-root,,,,
"Biehl, Charlotta Dorothea",Mit ubetydelige Levnets Løb,"Museum Tusculanum, København, 1986",001398317:01,texts/biehl01.xml,https://tekster.kb.dk/text/adl-texts-biehl01-root,,,,
"Larsen, Karl",Kvinder,"Gyldendalske Boghandels Forlag, København, 1889",002149010:02,texts/larsenk_02.xml,https://tekster.kb.dk/text/adl-texts-larsenk_02-root,,,,
"Andersen, H. C.",H.C. Andersens Eventyr bd. VII; kritisk udg. efter de originale eventyrhæfter med varianter ved Erik Dal,"C. A. Reitzel, København, 1990",001527411:07,texts/hcaeventyr07val.xml,https://tekster.kb.dk/text/adl-texts-hcaeventyr07val-root,,,,
"Wessel, Johan Herman",Anno 7603,", København, 1785",002160402:7603,texts/wessel-anno7603.xml,https://tekster.kb.dk/text/adl-texts-wessel-anno7603-root,,,,
"Larsen, Karl","Levende Musik, mekanisk Musik. Kroniker med Diskussionsindlæg",", København, 1931",002049628:16,texts/larsenk_16.xml,https://tekster.kb.dk/text/adl-texts-larsenk_16-root,,,,
"Steffens, Henrich",Was ich erlebte,"Josef Mar, Breslau, 1840-44",002086960:09,texts/stef09tom.xml,https://tekster.kb.dk/text/adl-texts-stef09tom-root,,,,
"Skjoldborg, Johan",Dynæs Digte,"Gyldendalske Boghandel, Nordisk Forlag, København, 1915",002137051:03,texts/skjold_03.xml,https://tekster.kb.dk/text/adl-texts-skjold_03-root,,,,
"Falster, Christian",Lærdoms Lystgaard eller Adskillige Discurser,", København, 1919-20",001942950:01,texts/falster01.xml,https://tekster.kb.dk/text/adl-texts-falster01-root,,,,
"Brandes, Edvard",Lægemidler,", København, 1881",002333772:07,texts/brandesed_07.xml,https://tekster.kb.dk/text/adl-texts-brandesed_07-root,,,,
"Kingo, Thomas",Samlede skrifter 6B,"Munksgaard, København, 1939-74.",001614819:06,texts/kingo06b.xml,https://tekster.kb.dk/text/adl-texts-kingo06b-root,,,,
"Grundtvig, N. F. S.", Salmer og Kristelige Digte : 1809-43. - 1948,", København, 1944-1964",001823825:13,texts/grundtvig13tom.xml,https://tekster.kb.dk/text/adl-texts-grundtvig13tom-root,,,,
"Brandes, Georg",Samlede Skrifter,", København, 1899-1910",001823972:06,texts/brandes06.xml,https://tekster.kb.dk/text/adl-texts-brandes06-root,,,,
"Helgesen, Poul",Skrifter af Paulus Helie 6. Bind  / ved Marius Kristensen og Hans Ræder. - 1937; Udgivet af Det Danske Sprog- og Litteraturselskab,", København, 1932-1948",001823114:06,texts/helg06val2.xml,https://tekster.kb.dk/text/adl-texts-helg06val2-root,,,,
"Bording, Anders",Digte. - 1984,"Det Danske Sprog- og Litteraturselskab, København, 1984-86",001433218:01,texts/bording01val.xml,https://tekster.kb.dk/text/adl-texts-bording01val-root,,,,
"Richardt, Chr.",Samlede Digte. Anden deel.,", København, 1895",002053814:02,texts/richardt02.xml,https://tekster.kb.dk/text/adl-texts-richardt02-root,,,,
"Oehlenschläger, Adam",Helge,"Det Danske Sprog- og Litteraturselskab, [København], 1996",001764961:06,texts/oehl06.xml,https://tekster.kb.dk/text/adl-texts-oehl06-root,,,,
"Bang, Herman",Værker i Mindeudgave,"Gyldendal, København, 1920-1921",001823910:06,texts/bang06val.xml,https://tekster.kb.dk/text/adl-texts-bang06val-root,,,,
"Heiberg, Johanne Luise", 1. Del : 1812-42,", København, 1944",001825908:05,texts/heibfr05val.xml,https://tekster.kb.dk/text/adl-texts-heibfr05val-root,,,,
"Wied, Gustav",Knagsted. 1967,"Rosenkilde og Bagger, København, 1966-",001680948:08,texts/wied08val.xml,https://tekster.kb.dk/text/adl-texts-wied08val-root,,,,
"Rode, Helge",Krig og Aand,"Gyldendalske Boghandel, Kjøbenhavn, 1917",002003480:05,texts/rode_05.xml,https://tekster.kb.dk/text/adl-texts-rode_05-root,,,,
"Holberg, Ludvig",Værker i tolv bind, 1: Natur- og folkeret,"Rosenkilde og Bagger, [København], 1969-1971",001629300:12,texts/holberg12.xml,https://tekster.kb.dk/text/adl-texts-holberg12-root,,,
"Brandes, Georg",Samlede Skrifter,", København, 1899-1910",001823972:02,texts/brandes02tom.xml,https://tekster.kb.dk/text/adl-texts-brandes02tom-root,,,,
"Aakjær, Jeppe"," Digte 1885-1908. -
	    1918","Gyldendal, København, 1918-19",002251515:01,texts/aakjaer01val.xml,https://tekster.kb.dk/text/adl-texts-aakjaer01val-root,,,,
"Steffens, Henrich",Was ich erlebte,"Josef Mar, Breslau, 1840-44",002086960:04,texts/stef04tom.xml,https://tekster.kb.dk/text/adl-texts-stef04tom-root,,,,
"Goldschmidt, M. A.",Hjemløs,"Det Danske Sprog- og Litteraturselskab, [København], 1999",002359667:03,texts/goldschmidt03.xml,https://tekster.kb.dk/text/adl-texts-goldschmidt03-root,,,,
"Jacobsen, J. P.","Samlede Værker
      II; Udg. paa Grundlag af Digterens efterladte Papirer af Morten Borup",", København, 1924-29",001823911:02,texts/jacob02val.xml,https://tekster.kb.dk/text/adl-texts-jacob02val-root,,,,
"Kaalund, H. V.",Fulvia,", København, 1891",002148875:02,texts/kaalund02val.xml,https://tekster.kb.dk/text/adl-texts-kaalund02val-root,,,,
"Munch-Petersen, Gustaf",Samlede skrifter,"Borgen, Valby, 1988",001346243:1,texts/munp1.xml,https://tekster.kb.dk/text/adl-texts-munp1-root,,,,
"Ingemann, B. S.",Holger Danske,", København, 1893",001940530:04,texts/ingemann04tom.xml,https://tekster.kb.dk/text/adl-texts-ingemann04tom-root,,,,
"Aarestrup, Emil",Emil Aarestrups samlede skrifter,"C. A. Reitzel, København, 1976",001582980:06,texts/aarestrup06d.xml,https://tekster.kb.dk/text/adl-texts-aarestrup06d-root,,,,
"Kierkegaard, Søren",Dagbøger i udvalg 1834-1846,"Det Danske Sprog- og Litteraturselskab, [København], 1992",001552582:03,texts/kierkegaard03val.xml,https://tekster.kb.dk/text/adl-texts-kierkegaard03val-root,,,,
"Heiberg, Johan Ludvig",Poetiske Skrifter,", København, 1931-32",001848837:01,texts/heiberg_bind01.xml,https://tekster.kb.dk/text/adl-texts-heiberg_bind01-root,,,,
"Andersen, H. C.",O.T.,"Det Danske Sprog- og Litteraturselskab, [København], cop. 1987",001391928:04,texts/andersen04val.xml,https://tekster.kb.dk/text/adl-texts-andersen04val-root,,,,
"Bang, Herman",Værker i Mindeudgave,"Gyldendal, København, 1920-1921",001823910:03,texts/bang03val.xml,https://tekster.kb.dk/text/adl-texts-bang03val-root,,,,
"Holberg, Ludvig",Værker i tolv bind, 3-7: Komedier,"Rosenkilde og Bagger, [København], 1969-1971",001629300:04,texts/holb04val.xml,https://tekster.kb.dk/text/adl-texts-holb04val-root,,,
"Skjoldborg, Johan",Præsten i Løgum. Fortælling,", København, 1921-22.",002046384:06,texts/skjold_06.xml,https://tekster.kb.dk/text/adl-texts-skjold_06-root,,,,
"Larsen, Karl",Set og tænkt under den store Krig,"Erslev & Hasselbalchs Forlag, København, 1915",001967776:20,texts/larsenk_20.xml,https://tekster.kb.dk/text/adl-texts-larsenk_20-root,,,,
"Bergsøe, Vilhelm","Poetiske Skrifter, 1-7 - Bind II",", København, 1905-",002314460:02,texts/bergsoe02.xml,https://tekster.kb.dk/text/adl-texts-bergsoe02-root,,,,
"Andersen, H. C.",I Sverrig,"Det Danske Sprog- og Litteraturselskab, [København], 2003",003210052:00,texts/hcaisverrigval.xml,https://tekster.kb.dk/text/adl-texts-hcaisverrigval-root,,,,
"Holberg, Ludvig",Værker i tolv bind, 3-7: Komedier,"Rosenkilde og Bagger, [København], 1969-1971",001629300:06,texts/holb06val.xml,https://tekster.kb.dk/text/adl-texts-holb06val-root,,,
"Brorson, Hans Adolph"," Troens rare Klenodie, 1.-2. del. - 1951",", København, 1951-56",001848791:01,texts/brorson01.xml,https://tekster.kb.dk/text/adl-texts-brorson01-root,,,,
"Hjortø, Knud",Svundne Somre og gamle Vintre,", København, 1931",001915203:17,texts/hjort_17.xml,https://tekster.kb.dk/text/adl-texts-hjort_17-root,,,,
"Brandes, Edvard",Det unge Blod,", København, 1899",002015960:06,texts/brandesed_06.xml,https://tekster.kb.dk/text/adl-texts-brandesed_06-root,,,,
"Ravnkilde, Adda",To Fortællinger,"Gyldendal, Kjøbenhavn, 1884",002045299:01,texts/ravn01tom.xml,https://tekster.kb.dk/text/adl-texts-ravn01tom-root,,,,
"Aakjær, Jeppe", Artikler og Taler. - 1919,"Gyldendal, København, 1918-19",002251515:04,texts/aakjaer04tom.xml,https://tekster.kb.dk/text/adl-texts-aakjaer04tom-root,,,,
"Claussen, Sophus",Sophus Claussens lyrik, : ,"Det Danske Sprog- og Litteraturselskab ; Gyldendal, [København], 1982-",001383642:11,texts/claussen11val.xml,https://tekster.kb.dk/text/adl-texts-claussen11val-root,,,
"Wied, Gustav",Pastor Sørensen & Co. 1968,"Rosenkilde og Bagger, København, 1966-",001680948:09,texts/wied09val.xml,https://tekster.kb.dk/text/adl-texts-wied09val-root,,,,
"Richardt, Chr.",Samlede Digte. Første deel,", København, 1895",002053814:01,texts/richardt01.xml,https://tekster.kb.dk/text/adl-texts-richardt01-root,,,,
"Dalgas, Ernesto",Lidelsens Vej,"Det Danske Sprog- og Litteraturselskab, [København], 1993",001568793:00,texts/dalgaslideval.xml,https://tekster.kb.dk/text/adl-texts-dalgaslideval-root,,,,
"Hjortø, Knud",To verdener,"Det Danske Sprog- og Litteraturselskab, [København], 2008",007264777:18,texts/hjort_18.xml,https://tekster.kb.dk/text/adl-texts-hjort_18-root,,,,
"Larsen, Karl",Dommens Dag,", København, 1908",002220399:09,texts/larsenk_09.xml,https://tekster.kb.dk/text/adl-texts-larsenk_09-root,,,,
", ",Digte : kommentar / af Erik Sønderholm , [oversættelse af latinske tekster: Erik Petersen]. - 1986,"Det Danske Sprog- og Litteraturselskab, København, 1984-86",001433218:02,texts/bord02tom.xml,https://tekster.kb.dk/text/adl-texts-bord02tom-root,,,
"Larsen, Karl",En KvindesSkriftemaal,", København, 1901",003455704:06,texts/larsenk_06.xml,https://tekster.kb.dk/text/adl-texts-larsenk_06-root,,,,
"Knudsen, Jakob","Romaner og
      Fortællinger, bind 1A ",", København, 1917",002220626:03,texts/knud03atom.xml,https://tekster.kb.dk/text/adl-texts-knud03atom-root,,,,
"Heiberg, P. A.",Peter Andreas Heibergs Udvalgte Skrifter,", Kbh., 1884",002314853:01,texts/heibergpa01val.xml,https://tekster.kb.dk/text/adl-texts-heibergpa01val-root,,,,
"Heiberg, Johanne Luise"," Indledning, Varianter og Oplysninger, Registre",", København, 1944",001825908:08,texts/heibfr08val.xml,https://tekster.kb.dk/text/adl-texts-heibfr08val-root,,,,
", ",Fjorten eventyr og fortællinger,"Det Danske Sprog- og Litteraturselskab, [København], 1989",001458865:01,texts/ingemann01.xml,https://tekster.kb.dk/text/adl-texts-ingemann01-root,,,,
"Grundtvig, N. F. S.",N. F. S. Grundtvigs udvalgte Skrifter,"Gyldendalske Boghandel, København, 1904-1909",001823350:07,texts/grundtvig07val.xml,https://tekster.kb.dk/text/adl-texts-grundtvig07val-root,,,,
"Falster, Christian",Lærdoms Lystgaard eller Adskillige Discurser,", København, 1919-20",001942950:02,texts/falster02.xml,https://tekster.kb.dk/text/adl-texts-falster02-root,,,,
"Larsen, Karl",Doktor Ix,"Gyldendalske Boghandels Forlag, København, 1896",003455687:04,texts/larsenk_04.xml,https://tekster.kb.dk/text/adl-texts-larsenk_04-root,,,,
"Grundtvig, N. F. S.", Salmer og Kristelige Digte : 1844-55 med efterslæt fra 1836-43. - 1949,", København, 1944-1964",001823825:14,texts/grundtvig14tom.xml,https://tekster.kb.dk/text/adl-texts-grundtvig14tom-root,,,,
", ",,", , ",000000000:06,texts/tycho-06-siquidagat.xml,https://tekster.kb.dk/text/adl-texts-tycho-06-siquidagat-root,,,,
"Stuckenberg, Viggo",Samlede Værker,", København, 1910-11",001849994:03,texts/stuckenberg03.xml,https://tekster.kb.dk/text/adl-texts-stuckenberg03-root,,,,
"Drachmann, Holger",Samlede poetiske Skrifter,", Kbh. & Kristiania, 1906-1909",001823907:02,texts/drachmann02tom.xml,https://tekster.kb.dk/text/adl-texts-drachmann02tom-root,,,,
"Aarestrup, Emil",Emil Aarestrups samlede skrifter,"C. A. Reitzel, København, 1976",001582980:05,texts/aarestrup05.xml,https://tekster.kb.dk/text/adl-texts-aarestrup05-root,,,,
"Kidde, Harald",Helten,"Gyldendal, København, 1926",008082229:03,texts/kidde03.xml,https://tekster.kb.dk/text/adl-texts-kidde03-root,,,,
"Hjortø, Knud",Kærligheds Spind,", København, 1928",001915200:10,texts/hjort_10.xml,https://tekster.kb.dk/text/adl-texts-hjort_10-root,,,,
"Gyllembourg-Ehrensvärd, T. C.",samlede skrifter af Forf,", København, 1866-67",002729949:02,texts/gyllem02tom.xml,https://tekster.kb.dk/text/adl-texts-gyllem02tom-root,,,,
"Drachmann, Holger",Samlede poetiske Skrifter,", Kbh. & Kristiania, 1906-1909",001823907:08,texts/drachmann08tom.xml,https://tekster.kb.dk/text/adl-texts-drachmann08tom-root,,,,
"Brandes, Georg",Samlede Skrifter,", København, 1899-1910",001823972:14,texts/brandes14tom.xml,https://tekster.kb.dk/text/adl-texts-brandes14tom-root,,,,
"Claussen, Sophus",Sophus Claussens lyrik, Bd. 8: Lyrikoversættelser,"Det Danske Sprog- og Litteraturselskab ; Gyldendal, [København], 1982-",001383642:10,texts/claussen10val.xml,https://tekster.kb.dk/text/adl-texts-claussen10val-root,,,
"Wied, Gustav",Slægten. 1967,"Rosenkilde og Bagger, København, 1966-",001680948:06,texts/wied06val.xml,https://tekster.kb.dk/text/adl-texts-wied06val-root,,,,
"Munch-Petersen, Gustaf",Upubliceret, et indiskret svar paa et diskret spørgsmaal,", , ",00[no record]:3,texts/munp3.xml,https://tekster.kb.dk/text/adl-texts-munp3-root,,,
"Wied, Gustav",Thummelumsen. Dansemus. Skærmudsler. Et Opgør. Tre Satyrspil. 1968,"Rosenkilde og Bagger, København, 1966-",001680948:10,texts/wied10val.xml,https://tekster.kb.dk/text/adl-texts-wied10val-root,,,,
"Gyllembourg-Ehrensvärd, T. C.",samlede skrifter af Forf,", København, 1866-67",002729949:09,texts/gyllem09tom.xml,https://tekster.kb.dk/text/adl-texts-gyllem09tom-root,,,,
"Claussen, Sophus",Sophus Claussens lyrik, Bd. 6: Heroica,"Det Danske Sprog- og Litteraturselskab ; Gyldendal, [København], 1982-",001383642:08,texts/claussen08val.xml,https://tekster.kb.dk/text/adl-texts-claussen08val-root,,,
"Helgesen, Poul","Skrifter af Paulus Helie 3. Bind  / ved Marius
	  Kristensen. - 1933; Udgivet af Det Danske Sprog- og Litteraturselskab",", København, 1932-1948",001823114:03,texts/helgesen03.xml,https://tekster.kb.dk/text/adl-texts-helgesen03-root,,,,
"Aarestrup, Emil",Emil Aarestrups samlede skrifter,"C. A. Reitzel, København, 1976",001582980:06,texts/aarestrup06c.xml,https://tekster.kb.dk/text/adl-texts-aarestrup06c-root,,,,
"Brandes, Edvard",Kærlighed,", København, 1887",002143501:12,texts/brandesed_12.xml,https://tekster.kb.dk/text/adl-texts-brandesed_12-root,,,,
"Hjortø, Knud",To verdener,", København, 1905",001915178:05,texts/hjort_05.xml,https://tekster.kb.dk/text/adl-texts-hjort_05-root,,,,
"Michaëlis, Sophus",Hellener og Barbar. Roman fra Perserkrigenes Tid,", København, 1914",002150328:09,texts/michs_09.xml,https://tekster.kb.dk/text/adl-texts-michs_09-root,,,,
"Baggesen, Jens","Labyrinten eller Reise giennem Tydskland, Schweitz og Frankrig","Gyldendal, (Kbh.), 1971)",001629721:06,texts/baggesen06.xml,https://tekster.kb.dk/text/adl-texts-baggesen06-root,,,,
"Aakjær, Jeppe", Digte 1908-1918. - 1918,"Gyldendal, København, 1918-19",002251515:02,texts/aakjaer02val.xml,https://tekster.kb.dk/text/adl-texts-aakjaer02val-root,,,,
"Ingemann, B. S.",Historiske Romaner, : I. Valdemar Seier,", København, 1911-1912",001916176:08,texts/ingemann08tom.xml,https://tekster.kb.dk/text/adl-texts-ingemann08tom-root,,,
"Gyllembourg-Ehrensvärd, T. C.",samlede skrifter af Forf,", København, 1866-67",002729949:10,texts/gyllem10tom.xml,https://tekster.kb.dk/text/adl-texts-gyllem10tom-root,,,,
"Jacobsen, J. P.","Samlede Værker
      IV; Udg. paa Grundlag af Digterens efterladte Papirer af Morten Borup",", København, 1924-29",001823911:04,texts/jacob04val.xml,https://tekster.kb.dk/text/adl-texts-jacob04val-root,,,,
"Andersen, H. C.","H.C. Andersens Eventyr bd. V; kritisk udg. efter de originale eventyrhæfter med varianter
	  ved Erik Dal","C. A. Reitzel, København, 1990",001527411:05,texts/hcaeventyr05val.xml,https://tekster.kb.dk/text/adl-texts-hcaeventyr05val-root,,,,
"Brandes, Georg",Samlede Skrifter,", København, 1899-1910",001823972:03,texts/brandes03tom.xml,https://tekster.kb.dk/text/adl-texts-brandes03tom-root,,,,
"Skjoldborg, Johan",Slægten,", København, 1925",001923322:08,texts/skjold_08.xml,https://tekster.kb.dk/text/adl-texts-skjold_08-root,,,,
"Brandes, Edvard",Et Brud,"P. G. Philipsens Forlag, Kjøbenhavn, 1885",002143500:11,texts/brandesed_11.xml,https://tekster.kb.dk/text/adl-texts-brandesed_11-root,,,,
"Goldschmidt, M. A.",M. Goldschmidts Poetiske Skrifter,", København, 1896-98",001823971:11,texts/goldschmidt11tom.xml,https://tekster.kb.dk/text/adl-texts-goldschmidt11tom-root,,,,
"Michaëlis, Sophus",Digte,", København, 1889",001940558:01,texts/michs_01.xml,https://tekster.kb.dk/text/adl-texts-michs_01-root,,,,
"Larsen, Karl","De, der tog hjemmefra; 3: Bedre Folks Børn. Cand.phil.'en, Farmaceuten, Boghandleren","Gyldendalske Boghandel. Nordisk Forlag, København, 1912-1914",002168583:14,texts/larsenk_14.xml,https://tekster.kb.dk/text/adl-texts-larsenk_14-root,,,,
"Gyllembourg-Ehrensvärd, T. C.",samlede skrifter af Forf,", København, 1866-67",002729949:08,texts/gyllem08tom.xml,https://tekster.kb.dk/text/adl-texts-gyllem08tom-root,,,,
"Brandes, Georg",Samlede Skrifter,", København, 1899-1910",001823972:18,texts/brandes18tom.xml,https://tekster.kb.dk/text/adl-texts-brandes18tom-root,,,,
"Brahe, Tycho",Tychonis Brahe Dani opera omnia,", Hauniæ, 1913-29",001573955:06,texts/tycho06tom.xml,https://tekster.kb.dk/text/adl-texts-tycho06tom-root,,,,
"Ewald, Johannes",Johannes Ewalds samlede skrifter,"Gyldendal, (Kbh.), (1969)",001601376:06,texts/ewald06val.xml,https://tekster.kb.dk/text/adl-texts-ewald06val-root,,,,
"Helgesen, Poul","Skrifter af Paulus Helie 7. Bind  / ved Marius
	  Kristensen og Niels-Knud Andersen. - 1948; Udgivet af Det Danske Sprog- og Litteraturselskab",", København, 1932-1948",001823114:07,texts/helg07tom.xml,https://tekster.kb.dk/text/adl-texts-helg07tom-root,,,,
"Brandes, Edvard",En Forlovelse,", København, 1884",002143499:10,texts/brandesed_10.xml,https://tekster.kb.dk/text/adl-texts-brandesed_10-root,,,,
"Larsen, Karl","Under
      vor sidste Krig","Gyldendal, Kjøbenhavn, 1897",001521409:11,texts/larsenk_11.xml,https://tekster.kb.dk/text/adl-texts-larsenk_11-root,,,,
"Drachmann, Holger",Samlede poetiske Skrifter,", Kbh. & Kristiania, 1906-1909",001823907:07,texts/drachmann07tom.xml,https://tekster.kb.dk/text/adl-texts-drachmann07tom-root,,,,
"Brandes, Georg",Samlede Skrifter,", København, 1899-1910",001823972:09,texts/brandes09tom.xml,https://tekster.kb.dk/text/adl-texts-brandes09tom-root,,,,
"Rode, Helge",Ariel. En Digtsamling,", København, 1914",002064375:04,texts/rode_04.xml,https://tekster.kb.dk/text/adl-texts-rode_04-root,,,,
"Larsen, Karl",Cirkler,", København, 1893",002220379:03,texts/larsenk_03.xml,https://tekster.kb.dk/text/adl-texts-larsenk_03-root,,,,
"Andersen, H. C.","H.C. Andersens Eventyr bd. IV; kritisk udg. efter de originale eventyrhæfter med varianter
	  ved Erik Dal","C. A. Reitzel, København, 1990",001527411:04,texts/hcaeventyr04val.xml,https://tekster.kb.dk/text/adl-texts-hcaeventyr04val-root,,,,
"Claussen, Sophus",Antonius i Paris,"Det Danske Sprog- og Litteraturselskab, [København], cop. 1990",001491114:01,texts/claussen01.xml,https://tekster.kb.dk/text/adl-texts-claussen01-root,,,,
"Ewald, Johannes",Herr Panthakaks Historie og Meeninger,"Det Danske Sprog- og Litteraturselskab, [København], cop. 1988",001346276:01,texts/ewald01dkval.xml,https://tekster.kb.dk/text/adl-texts-ewald01dkval-root,,,,
"Blicher, Steen Steensen",Digte og Noveller,", København, 1946",002325397:02,texts/blich02tom.xml,https://tekster.kb.dk/text/adl-texts-blich02tom-root,,,,
"Aarestrup, Emil",Emil Aarestrups samlede skrifter,"C. A. Reitzel, København, 1976",001582980:03,texts/aare03val.xml,https://tekster.kb.dk/text/adl-texts-aare03val-root,,,,
"Knudsen, Jakob","Romaner og Fortællinger, bind 1B",", København, 1917",002220626:03,texts/knud03btom.xml,https://tekster.kb.dk/text/adl-texts-knud03btom-root,,,,
"Stuckenberg, Viggo",Samlede Værker,", København, 1910-11",001849994:02,texts/stuckenberg02.xml,https://tekster.kb.dk/text/adl-texts-stuckenberg02-root,,,,
"Rode, Helge",Hvide Blomster. Digte,", København, 1892",002064369:01,texts/rode_01.xml,https://tekster.kb.dk/text/adl-texts-rode_01-root,,,,
"Ulfeldt, Leonora Christina",Jammers Minde og andre selvbiografiske Skildringer,"Rosenkilde og Bagger, København, 1949",002222571:01,texts/leonora01.xml,https://tekster.kb.dk/text/adl-texts-leonora01-root,,,,
"Goldschmidt, M. A.",M. Goldschmidts Poetiske Skrifter,", København, 1896-98",001823971:07,texts/goldschmidt07tom.xml,https://tekster.kb.dk/text/adl-texts-goldschmidt07tom-root,,,,
"Ewald, Johannes",Johannes Ewalds samlede skrifter,"Gyldendal, (Kbh.), (1969)",001601376:08,texts/ewal08tom.xml,https://tekster.kb.dk/text/adl-texts-ewal08tom-root,,,,
"Grundtvig, N. F. S.", Sang-Værk til den danske Kirkeskole. - 1946,", København, 1944-1964",001823825:12,texts/grundtvig12val.xml,https://tekster.kb.dk/text/adl-texts-grundtvig12val-root,,,,
"Aakjær, Jeppe"," Skuespil : Livet paa
      Hegnsgaard; Ulvens Søn, Naar Bønder elsker ; Himmelbjærgpræsten. - 1918","Gyldendal, København, 1918-19",002251515:03,texts/aakjaer03tom.xml,https://tekster.kb.dk/text/adl-texts-aakjaer03tom-root,,,,
"Palladius, Peder",Peder Palladius' Danske Skrifter,"H.H. Thiele, København, 1911-1926",001823113:04,texts/palladius04val.xml,https://tekster.kb.dk/text/adl-texts-palladius04val-root,,,,
"Wied, Gustav",Ranke Viljer. Dele af Circus Mundi. Af den gamle Vinhandlers Optegnelser. 1968,"Rosenkilde og Bagger, København, 1966-",001680948:12,texts/wied12val.xml,https://tekster.kb.dk/text/adl-texts-wied12val-root,,,,
"Topsøe, Vilhelm",Udvalgte Skrifter,", København, 1923",005372453:02,texts/topsoe02.xml,https://tekster.kb.dk/text/adl-texts-topsoe02-root,,,,
"Gyllembourg-Ehrensvärd, T. C.",samlede skrifter af Forf,", København, 1866-67",002729949:04,texts/gyllem04tom.xml,https://tekster.kb.dk/text/adl-texts-gyllem04tom-root,,,,
"Holberg, Ludvig",Værker i tolv bind, 8: Økonomi og historie,"Rosenkilde og Bagger, [København], 1969-1971",001629300:08,texts/holberg08.xml,https://tekster.kb.dk/text/adl-texts-holberg08-root,,,
"Ulfeldt, Leonora Christina",Leonora Christinas Jammers Minde,"Det Danske Sprog- og Litteraturselskab, København, 1998",001803446:02,texts/leon02tom.xml,https://tekster.kb.dk/text/adl-texts-leon02tom-root,,,,
"Wied, Gustav","Første Violin. Adel,
      Gejstlighed, Borger og Bonde. Det svage Køn. Den hellige Aand H. C. Andersen. Et Par Handsker. 1967","Rosenkilde og Bagger, København, 1966-",001680948:05,texts/wied05val.xml,https://tekster.kb.dk/text/adl-texts-wied05val-root,,,,
"Heiberg, Johanne Luise",Et liv genoplevet i erindringen,"Gyldendal, [København], 1973-74.",001663554:01,texts/heibfr01.xml,https://tekster.kb.dk/text/adl-texts-heibfr01-root,,,,
"Jacobsen, Jørgen-Frantz",Nordiske Kroniker,", København, 1943",002991058:02,texts/jacobjf_02.xml,https://tekster.kb.dk/text/adl-texts-jacobjf_02-root,,,,
"Michaëlis, Sophus",Livets Fest,", København, 1900",001940561:05,texts/michs_05.xml,https://tekster.kb.dk/text/adl-texts-michs_05-root,,,,
"Goldschmidt, M. A.",M. Goldschmidts Poetiske Skrifter,", København, 1896-98",001823971:05,texts/goldschmidt05tom.xml,https://tekster.kb.dk/text/adl-texts-goldschmidt05tom-root,,,,
"Andersen, H. C.","H.C. Andersens Eventyr bd. I; kritisk udg. efter de originale eventyrhæfter med varianter
	  ved Erik Dal","C. A. Reitzel, København, 1990",001527411:01,texts/hcaeventyr01val.xml,https://tekster.kb.dk/text/adl-texts-hcaeventyr01val-root,,,,
"Gyllembourg-Ehrensvärd, T. C.",samlede skrifter af Forf,", København, 1866-67",002729949:11,texts/gyllem11tom.xml,https://tekster.kb.dk/text/adl-texts-gyllem11tom-root,,,,
"Larsen, Thøger",Fire digtsamlinger 1904-1912,"Det Danske Sprog- og Litteraturselskab, [København], 1995",001719744:00,texts/larsenthfiredigt.xml,https://tekster.kb.dk/text/adl-texts-larsenthfiredigt-root,,,,
"Goldschmidt, M. A.",M. Goldschmidts Poetiske Skrifter,", København, 1896-98",001823971:10,texts/goldschmidt10tom.xml,https://tekster.kb.dk/text/adl-texts-goldschmidt10tom-root,,,,
"Hjortø, Knud",Fru Herta,", København, 1914",001915187:08,texts/hjort_08.xml,https://tekster.kb.dk/text/adl-texts-hjort_08-root,,,,
"Brahe, Tycho",Tychonis Brahe Dani opera omnia,", Hauniæ, 1913-29",001573955:01,texts/tycho01tom.xml,https://tekster.kb.dk/text/adl-texts-tycho01tom-root,,,,
"Brandes, Georg",Samlede Skrifter,", København, 1899-1910",001823972:17,texts/brandes17tom.xml,https://tekster.kb.dk/text/adl-texts-brandes17tom-root,,,,
"Grundtvig, N. F. S.",N. F. S. Grundtvigs udvalgte Skrifter,"Gyldendalske Boghandel, København, 1904-1909",001823350:08,texts/grundtvig08val.xml,https://tekster.kb.dk/text/adl-texts-grundtvig08val-root,,,,
"Hjortø, Knud",Indensogns og udensogns,", København, 1919",001915193:09,texts/hjort_09.xml,https://tekster.kb.dk/text/adl-texts-hjort_09-root,,,,
"Blicher, Steen Steensen",Udvalgte værker,"Gyldendal, [København], 1982-83",001383696:05,texts/blich05.xml,https://tekster.kb.dk/text/adl-texts-blich05-root,,,,
  ,87-00-41872-2,,https://tekster.kb.dk/text/adl-texts--root,,,,,,
  ,87-00-43652-6,,https://tekster.kb.dk/text/adl-texts--root,,,,,,
  ,87-00-43653-4,,https://tekster.kb.dk/text/adl-texts--root,,,,,,
"Brandes, Edvard",Holberg og hans Scene,"Gyldendal, København, 1898",001990454:03,texts/brandesed_03.xml,https://tekster.kb.dk/text/adl-texts-brandesed_03-root,,,,
"Skjoldborg, Johan",Præsten i Løgum. Fortælling,", København, 1921-22.",002046384:07,texts/skjold_07.xml,https://tekster.kb.dk/text/adl-texts-skjold_07-root,,,,
"Palladius, Peder",Peder Palladius' Danske Skrifter,"H.H. Thiele, København, 1911-1926",001823113:05,texts/palladius05val.xml,https://tekster.kb.dk/text/adl-texts-palladius05val-root,,,,
"Bergsøe, Vilhelm","Poetiske Skrifter, 1-7 - Bind III",", København, 1905-",002314460:03,texts/berg03tom.xml,https://tekster.kb.dk/text/adl-texts-berg03tom-root,,,,
"Gyllembourg-Ehrensvärd, T. C.",samlede skrifter af Forf,", København, 1866-67",002729949:06,texts/gyllem06tom.xml,https://tekster.kb.dk/text/adl-texts-gyllem06tom-root,,,,
"Gyllembourg-Ehrensvärd, T. C.",samlede skrifter af Forf,", København, 1866-67",002729949:05,texts/gyllem05tom.xml,https://tekster.kb.dk/text/adl-texts-gyllem05tom-root,,,,
"Knudsen, Jakob",Sind,"Det Danske Sprog- og Litteraturselskab, [København], 1996",001764959:02,texts/knudsenj02val.xml,https://tekster.kb.dk/text/adl-texts-knudsenj02val-root,,,,
"Hertz, Henrik",Udvalgte dramatiske Værker,", København, 1897",002148279:07,texts/hertz07tom.xml,https://tekster.kb.dk/text/adl-texts-hertz07tom-root,,,,
"Jacobsen, J. P.","Samlede Værker
      V; Udg. paa Grundlag af Digterens efterladte Papirer af Morten Borup",", København, 1924-29",001823911:05,texts/jacob05val.xml,https://tekster.kb.dk/text/adl-texts-jacob05val-root,,,,
"Lyschander, C. C.",C. C. Lyschander's digtning 1579-1623,", Kbh. Reitzel, 1989",001451843:02,texts/lysc02tom.xml,https://tekster.kb.dk/text/adl-texts-lysc02tom-root,,,,
"Ingemann, B. S.","Landsbybørnene, Bd. 1","Det danske Forlag, København, 1943",001916180:06,texts/ingemann06tom.xml,https://tekster.kb.dk/text/adl-texts-ingemann06tom-root,,,,
"Brandes, Georg",Samlede Skrifter,", København, 1899-1910",001823972:13,texts/brandes13tom.xml,https://tekster.kb.dk/text/adl-texts-brandes13tom-root,,,,
"Aakjær, Jeppe", Af min Hjemstavns Saga : lidt Bondehistorie. - 1919,"Gyldendal, København, 1918-19",002251515:05,texts/aakjaer05tom.xml,https://tekster.kb.dk/text/adl-texts-aakjaer05tom-root,,,,
"Baggesen, Jens", Eventyr og Fortællinger. - 1889,", København, 1889-1903",001823352:01,texts/baggesen01val.xml,https://tekster.kb.dk/text/adl-texts-baggesen01val-root,,,,
"Brandes, Georg",Samlede Skrifter,", København, 1899-1910",001823972:01,texts/brandes01tom.xml,https://tekster.kb.dk/text/adl-texts-brandes01tom-root,,,,
"Steffens, Henrich",Was ich erlebte,"Josef Mar, Breslau, 1840-44",002086960:06,texts/stef06tom.xml,https://tekster.kb.dk/text/adl-texts-stef06tom-root,,,,
"Brandes, Edvard",Under Loven,", København, 1891",002143503:14,texts/brandesed_14.xml,https://tekster.kb.dk/text/adl-texts-brandesed_14-root,,,,
"Andersen, H. C.","H.C. Andersens Eventyr bd. II; kritisk udg. efter de originale eventyrhæfter med varianter
	  ved Erik Dal","C. A. Reitzel, København, 1990",001527411:02,texts/hcaeventyr02val.xml,https://tekster.kb.dk/text/adl-texts-hcaeventyr02val-root,,,,
"Kidde, Harald", Døden. - 1902,", København, 1902-03",001867237:01,texts/kidde01val.xml,https://tekster.kb.dk/text/adl-texts-kidde01val-root,,,,
"Ploug, Carl",Samlede Digte,", København, 1876",002057591:01,texts/plough01.xml,https://tekster.kb.dk/text/adl-texts-plough01-root,,,,
"Heiberg, Johan Ludvig",Dramatik i udvalg,"Det Danske Sprog- og Litteraturselskab, [København], 2000",002112707:04,texts/heibergjl04val.xml,https://tekster.kb.dk/text/adl-texts-heibergjl04val-root,,,,
"Brandes, Georg",Samlede Skrifter,", København, 1899-1910",001823972:10,texts/brandes10tom.xml,https://tekster.kb.dk/text/adl-texts-brandes10tom-root,,,,
"Kierkegaard, Søren",Begrebet Angest,"Det Danske Sprog- og Litteraturselskab, [København], 1991",001497565:01,texts/kierkegaard01val.xml,https://tekster.kb.dk/text/adl-texts-kierkegaard01val-root,,,,
"Bang, Herman",Stuk,"Det Danske Sprog- og Litteraturselskab, [København], cop. 1987",001391929:07,texts/bang07val.xml,https://tekster.kb.dk/text/adl-texts-bang07val-root,,,,
"Grundtvig, N. F. S.",N. F. S. Grundtvigs udvalgte Skrifter,"Gyldendalske Boghandel, København, 1904-1909",001823350:10,texts/grundtvig10val.xml,https://tekster.kb.dk/text/adl-texts-grundtvig10val-root,,,,
"Grundtvig, N. F. S."," Varianter, noter og registre. - 1956-64",", København, 1944-1964",001823825:16,texts/grundtvig16tom.xml,https://tekster.kb.dk/text/adl-texts-grundtvig16tom-root,,,,
"Oehlenschläger, Adam",Poetiske Skrifter III,", København, 1926-1930",001823141:03,texts/oehl03val.xml,https://tekster.kb.dk/text/adl-texts-oehl03val-root,,,,
"Andersen, H. C.","H.C. Andersens Eventyr bd. III; kritisk udg. efter de originale eventyrhæfter med varianter
	  ved Erik Dal","C. A. Reitzel, København, 1990",001527411:03,texts/hcaeventyr03val.xml,https://tekster.kb.dk/text/adl-texts-hcaeventyr03val-root,,,,
"Brandes, Georg",Samlede Skrifter,", København, 1899-1910",001823972:07,texts/brandes07tom.xml,https://tekster.kb.dk/text/adl-texts-brandes07tom-root,,,,
"Knudsen, Jakob","Romaner og Fortællinger, bind 5B",", København, 1917",002220626:07,texts/knud07btom.xml,https://tekster.kb.dk/text/adl-texts-knud07btom-root,,,,
"Hertz, Henrik",Udvalgte dramatiske Værker,", København, 1897",002148279:02,texts/hertz02tom.xml,https://tekster.kb.dk/text/adl-texts-hertz02tom-root,,,,
"Heiberg, Johanne Luise", 4. Del : 1856-82,", København, 1944",001825908:07,texts/heibfr07val.xml,https://tekster.kb.dk/text/adl-texts-heibfr07val-root,,,,
"Hertz, Henrik",Udvalgte dramatiske Værker,", København, 1897",002148279:01,texts/hertz01tom.xml,https://tekster.kb.dk/text/adl-texts-hertz01tom-root,,,,
"Sibbern, F. C.",Efterladte Breve af Gabrielis,"Det Danske Sprog- og Litteraturselskab, [København], [1998]",001803409:01,texts/sibbern01val.xml,https://tekster.kb.dk/text/adl-texts-sibbern01val-root,,,,
"Bang, Herman",Værker i Mindeudgave,"Gyldendal, København, 1920-1921",001823910:01,texts/bang01val.xml,https://tekster.kb.dk/text/adl-texts-bang01val-root,,,,
"Brandes, Edvard",Overmagt,", København, 1888",002143502:13,texts/brandesed_13.xml,https://tekster.kb.dk/text/adl-texts-brandesed_13-root,,,,
"Goldschmidt, M. A.",Hjemløs,"Det Danske Sprog- og Litteraturselskab, [København], 1999",001893453:04,texts/goldschmidt04.xml,https://tekster.kb.dk/text/adl-texts-goldschmidt04-root,,,,
"Michaëlis, Sophus",Den evige Søvn,", København, 1912",002150321:08,texts/michs_08.xml,https://tekster.kb.dk/text/adl-texts-michs_08-root,,,,
"Ravnkilde, Adda",Judith Fürste. En Fortælling,", København, 1884",002045300:02,texts/ravn02tom.xml,https://tekster.kb.dk/text/adl-texts-ravn02tom-root,,,,
"Aarestrup, Emil",Emil Aarestrups samlede skrifter,"C. A. Reitzel, København, 1976",001582980:01,texts/aare01val.xml,https://tekster.kb.dk/text/adl-texts-aare01val-root,,,,
"Ewald, Johannes",Udvalgte digte,"Det Danske Sprog- og Litteraturselskab, [København], 1999",001868810:02,texts/ewald02dkval.xml,https://tekster.kb.dk/text/adl-texts-ewald02dkval-root,,,,
"Ewald, Johannes",Johannes Ewalds samlede skrifter,"Gyldendal, (Kbh.), (1969)",001601376:07,texts/ewal07tom.xml,https://tekster.kb.dk/text/adl-texts-ewal07tom-root,,,,
"Gyllembourg-Ehrensvärd, T. C.",samlede skrifter af Forf,", København, 1866-67",002729949:01,texts/gyllem01tom.xml,https://tekster.kb.dk/text/adl-texts-gyllem01tom-root,,,,
"Helgesen, Poul","Skrifter af Paulus Helie 4. Bind  / ved Marius
	    Kristensen. - 1934; Udgivet af Det Danske Sprog- og Litteraturselskab",", København, 1932-1948",001823114:04,texts/helg04tom.xml,https://tekster.kb.dk/text/adl-texts-helg04tom-root,,,,
"Aarestrup, Emil",Emil Aarestrups samlede skrifter,"C. A. Reitzel, København, 1976",001582980:06,texts/aarestrup06a.xml,https://tekster.kb.dk/text/adl-texts-aarestrup06a-root,,,,
", ",,", , ",000000000:01,texts/tycho-01-tilurania.xml,https://tekster.kb.dk/text/adl-texts-tycho-01-tilurania-root,,,,
"Knudsen, Jakob","Romaner og Fortællinger, bind 4B",", København, 1917",002220626:06,texts/knud06btom.xml,https://tekster.kb.dk/text/adl-texts-knud06btom-root,,,,
"Larsen, Karl",Aksel Halcks Optegnelser,", København, 1902",002220396:07,texts/larsenk_07.xml,https://tekster.kb.dk/text/adl-texts-larsenk_07-root,,,,
"Bang, Herman",Værker i Mindeudgave,"Gyldendal, København, 1920-1921",001823910:02,texts/bang02val.xml,https://tekster.kb.dk/text/adl-texts-bang02val-root,,,,
"Brandes, Edvard",Et Besøg,", København, 1882",002143497:08,texts/brandesed_08.xml,https://tekster.kb.dk/text/adl-texts-brandesed_08-root,,,,
"Wied, Gustav",Ungdomshistorier. Den gamle Pavillon. 1967,"Rosenkilde og Bagger, København, 1966-",001680948:04,texts/wied04tom.xml,https://tekster.kb.dk/text/adl-texts-wied04tom-root,,,,
", Saxo",Saxos Danmarks historie,"Det Danske Sprog- og Litteraturselskab, København, 2000",002020364:00,texts/saxoval.xml,https://tekster.kb.dk/text/adl-texts-saxoval-root,,,,
"Kingo, Thomas",Samlede skrifter,"Munksgaard, København, 1939-74.",001614819:04,texts/kingo04val.xml,https://tekster.kb.dk/text/adl-texts-kingo04val-root,,,,
"Hertz, Henrik",Digte fra forskjellige Perioder,", København, 1851-1862",001848839:10,texts/hertz10_lev.xml,https://tekster.kb.dk/text/adl-texts-hertz10_lev-root,,,,
"Brahe, Tycho",Tychonis Brahe Dani opera omnia,", Hauniæ, 1913-29",001573955:02,texts/tycho02tom.xml,https://tekster.kb.dk/text/adl-texts-tycho02tom-root,,,,
"Drachmann, Holger",Forskrevet,"Det Danske Sprog- og Litteraturselskab, [København], 2000",002112364:14,texts/drachmann14val.xml,https://tekster.kb.dk/text/adl-texts-drachmann14val-root,,,,
"Grundtvig, N. F. S.",N. F. S. Grundtvigs udvalgte Skrifter,"Gyldendalske Boghandel, København, 1904-1909",001823350:03,texts/grundtvig03val.xml,https://tekster.kb.dk/text/adl-texts-grundtvig03val-root,,,,
"Rode, Helge",Det sjælelige Gennembrud,"Gyldendal, København, 1928",004775827:12,texts/rode_12.xml,https://tekster.kb.dk/text/adl-texts-rode_12-root,,,,
"Steffens, Henrich",Was ich erlebte,"Josef Mar, Breslau, 1840-44",002086960:02,texts/stef02tom.xml,https://tekster.kb.dk/text/adl-texts-stef02tom-root,,,,
"Jacobsen, J. P.",Fru Marie Grubbe,"Det Danske Sprog- og Litteraturselskab, [København], cop. 1989",001473498:07,texts/jacobjp07val.xml,https://tekster.kb.dk/text/adl-texts-jacobjp07val-root,,,,
"Bang, Herman",Realisme og Realister,"Det Danske Sprog- og Litteraturselskab, [København], 2001",002304630:10,texts/bang10tom.xml,https://tekster.kb.dk/text/adl-texts-bang10tom-root,,,,
"Chievitz, Poul",Fra Gaden,"Det Danske Sprog- og Litteraturselskab, [København], 1991",001513240:01,texts/chievitz01.xml,https://tekster.kb.dk/text/adl-texts-chievitz01-root,,,,
"Brandes, Georg",Samlede Skrifter,", København, 1899-1910",001823972:11,texts/brandes11tom.xml,https://tekster.kb.dk/text/adl-texts-brandes11tom-root,,,,
"Claussen, Sophus",Sophus Claussens lyrik, Bd. 7: Titania holdt bryllup. Hvededynger,"Det Danske Sprog- og Litteraturselskab ; Gyldendal, [København], 1982-",001383642:09,texts/claussen09val.xml,https://tekster.kb.dk/text/adl-texts-claussen09val-root,,,
"Brahe, Tycho",Tychonis Brahe Dani opera omnia,", Hauniæ, 1913-29",001573955:15,texts/tycho15tom.xml,https://tekster.kb.dk/text/adl-texts-tycho15tom-root,,,,
"Hertz, Henrik",Udvalgte dramatiske Værker,", København, 1897",002148279:05,texts/hertz05tom.xml,https://tekster.kb.dk/text/adl-texts-hertz05tom-root,,,,
"Bruun, Malthe Conrad",Aristokraternes Catechismus,", København, 1945",001938730:00,texts/bruunval.xml,https://tekster.kb.dk/text/adl-texts-bruunval-root,,,,
"Brandes, Georg",Samlede Skrifter,", København, 1899-1910",001823972:12,texts/brandes12tom.xml,https://tekster.kb.dk/text/adl-texts-brandes12tom-root,,,,
"Ewald, Johannes",Johannes Ewalds samlede skrifter,"Gyldendal, (Kbh.), (1969)",001601376:09,texts/ewal09tom.xml,https://tekster.kb.dk/text/adl-texts-ewal09tom-root,,,,
"Knudsen, Jakob","Romaner og Fortællinger, bind 5A",", København, 1917",002220626:07,texts/knud07atom.xml,https://tekster.kb.dk/text/adl-texts-knud07atom-root,,,,
"Rode, Helge",Digte,", Kristiania København, 1896",002064371:02,texts/rode_02.xml,https://tekster.kb.dk/text/adl-texts-rode_02-root,,,,
"Rode, Helge",Regenerationen i vort Aandsliv,"Gyldendalske Boghandel. Nordisk Forlag, København, 1923",001920536:09,texts/rode_09.xml,https://tekster.kb.dk/text/adl-texts-rode_09-root,,,,
"Knudsen, Jakob",Gjæring, Afklaring ,"Det Danske Sprog- og Litteraturselskab, [København], cop. 1988",001346230:01,texts/knudsenj01val.xml,https://tekster.kb.dk/text/adl-texts-knudsenj01val-root,,,
"Steffens, Henrich",Was ich erlebte,"Josef Mar, Breslau, 1840-44",002086960:10,texts/stef10tom.xml,https://tekster.kb.dk/text/adl-texts-stef10tom-root,,,,
"Hjortø, Knud",Den gule krønnike,", København, 1923",001915197:13,texts/hjort_13.xml,https://tekster.kb.dk/text/adl-texts-hjort_13-root,,,,
"Jacobsen, J. P.","Samlede Værker
      III; Udg. paa Grundlag af Digterens efterladte Papirer af Morten Borup",", København, 1924-29",001823911:03,texts/jacob03val.xml,https://tekster.kb.dk/text/adl-texts-jacob03val-root,,,,
"Paludan-Müller, Fr.","Paludan-Müllers poetiske
      Skrifter i Udvalg, I. Bind",", København, 1909",001848840:01,texts/paludanm01.xml,https://tekster.kb.dk/text/adl-texts-paludanm01-root,,,,
"Brahe, Tycho",Tychonis Brahe Dani opera omnia,", Hauniæ, 1913-29",001573955:09,texts/tycho09tom.xml,https://tekster.kb.dk/text/adl-texts-tycho09tom-root,,,,
"Hjortø, Knud",Drømmen om kvinden,", København, 1928",001915199:15,texts/hjort_15.xml,https://tekster.kb.dk/text/adl-texts-hjort_15-root,,,,
"Blicher, Steen Steensen",Noveller,"Det Danske Sprog- og Litteraturselskab, [København], 1991",001518816:03,texts/blic03val.xml,https://tekster.kb.dk/text/adl-texts-blic03val-root,,,,
"Arrebo, Anders", Prædikener. Ossa rediviva 1680. Torcular Christi 1670. Udg. af Vagn Lundgaard Simonsen. 1975,"Munksgaard, København, 1965-83.",001625930:03,texts/arre03tom.xml,https://tekster.kb.dk/text/adl-texts-arre03tom-root,,,,
"Bergsøe, Vilhelm","Poetiske Skrifter, 1-7 - Bind IV",", København, 1905-",002314460:04,texts/berg04tom.xml,https://tekster.kb.dk/text/adl-texts-berg04tom-root,,,,
"Goldschmidt, M. A.",Noveller og andre fortællinger,"Det Danske Sprog- og Litteraturselskab, [København], 1994",001707603:02,texts/goldschmidt02t.xml,https://tekster.kb.dk/text/adl-texts-goldschmidt02t-root,,,,
"Knudsen, Jakob",Digte,", København, 1938",002057487:08,texts/knud08tom.xml,https://tekster.kb.dk/text/adl-texts-knud08tom-root,,,,
"Kierkegaard, Søren",Frygt og bæven,"Det Danske Sprog- og Litteraturselskab, [S.l.], 1994",001693702:02,texts/kierkegaard02val.xml,https://tekster.kb.dk/text/adl-texts-kierkegaard02val-root,,,,
"Heiberg, Johan Ludvig",Nye digte - 1841,"Det Danske Sprog- og Litteraturselskab, [København], cop. 1990",001483128:05,texts/heibergjl05val.xml,https://tekster.kb.dk/text/adl-texts-heibergjl05val-root,,,,
"Hauch, Carsten",En polsk Familie: 1-2. - 1926,", København, 1926-29",001848826:01,texts/hauch01val.xml,https://tekster.kb.dk/text/adl-texts-hauch01val-root,,,,
"Worm, Jacob",. - [1968],", København, [1968]-1994",001629316:01,texts/worm01val.xml,https://tekster.kb.dk/text/adl-texts-worm01val-root,,,,
"Knudsen, Jakob",Martin Luther,", København, 1915",002220618:09,texts/knudsenj09val.xml,https://tekster.kb.dk/text/adl-texts-knudsenj09val-root,,,,
"Knudsen, Jakob","Romaner og Fortællinger, bind 3A",", København, 1917",002220626:05,texts/knud05atom.xml,https://tekster.kb.dk/text/adl-texts-knud05atom-root,,,,
"Aarestrup, Emil",Emil Aarestrups samlede skrifter,"C. A. Reitzel, København, 1976",001582980:02,texts/aare02val.xml,https://tekster.kb.dk/text/adl-texts-aare02val-root,,,,
"Gyllembourg-Ehrensvärd, T. C.",samlede skrifter af Forf,", København, 1866-67",002729949:12,texts/gyllem12tom.xml,https://tekster.kb.dk/text/adl-texts-gyllem12tom-root,,,,
"Kingo, Thomas",Samlede skrifter 2,"Munksgaard, København, 1939-74.",001614819:02,texts/kingo02val.xml,https://tekster.kb.dk/text/adl-texts-kingo02val-root,,,,
"Ingemann, B. S.",Valdemar Seier,"Det Danske Sprog- og Litteraturselskab, København, cop. 1987",001391930:02,texts/ingemann02.xml,https://tekster.kb.dk/text/adl-texts-ingemann02-root,,,,
"Nansen, Peter",Brødrene Menthe,"Gyldendal, København, 1916",002044896:04,texts/nansen04tom.xml,https://tekster.kb.dk/text/adl-texts-nansen04tom-root,,,,
"Andersen, H. C.","Skyggebilleder af en Reise til Harzen, det sachsiske Schweitz etc. etc., i Sommeren 1831","Det Danske Sprog- og Litteraturselskab, [København], 1986",001391894:01,texts/andersen01val.xml,https://tekster.kb.dk/text/adl-texts-andersen01val-root,,,,
"Brandes, Georg",Samlede Skrifter,", København, 1899-1910",001823972:08,texts/brandes08tom.xml,https://tekster.kb.dk/text/adl-texts-brandes08tom-root,,,,
"Munch-Petersen, Gustaf",Samlede skrifter II,"Borgen, Valby, 1988",001346243:2,texts/munp2.xml,https://tekster.kb.dk/text/adl-texts-munp2-root,,,,
"Baggesen, Jens", Blandede Digte. 1. Samling. - 1899,", København, 1889-1903",001823352:04,texts/baggesen04tom.xml,https://tekster.kb.dk/text/adl-texts-baggesen04tom-root,,,,
"Andersen, H. C.",At være eller ikke være,"Det Danske Sprog- og Litteraturselskab, [København], 2001",002233943:07,texts/andersen07val.xml,https://tekster.kb.dk/text/adl-texts-andersen07val-root,,,,
"Rode, Helge",Pladsen med de grønne Trær,"Gyldendalske Boghandel. Nordisk Forlag, København, 1924",007739074:11,texts/rode_11.xml,https://tekster.kb.dk/text/adl-texts-rode_11-root,,,,
"Kingo, Thomas",Samlede skrifter 1,"Munksgaard, København, 1939-74.",001614819:01,texts/kingo01val.xml,https://tekster.kb.dk/text/adl-texts-kingo01val-root,,,,
"Kingo, Thomas",Samlede skrifter 6A,"Munksgaard, København, 1939-74.",001614819:06,texts/kingo06a.xml,https://tekster.kb.dk/text/adl-texts-kingo06a-root,,,,
"Gjellerup, Karl",Minna,", København, 1889",001913819:01,texts/gjellerup01.xml,https://tekster.kb.dk/text/adl-texts-gjellerup01-root,,,,
"Claussen, Sophus",Unge Bander,"Det Danske Sprog- og Litteraturselskab, [København], [1986]",001391897:02,texts/claussen02.xml,https://tekster.kb.dk/text/adl-texts-claussen02-root,,,,
"Drachmann, Holger",Samlede poetiske Skrifter,", Kbh. & Kristiania, 1906-1909",001823907:11,texts/drachmann11tom.xml,https://tekster.kb.dk/text/adl-texts-drachmann11tom-root,,,,
"Dalgas, Ernesto",Dommedags Bog,"Det Danske Sprog- og Litteraturselskab, [København], 1996",001751257:00,texts/dalgasdomval.xml,https://tekster.kb.dk/text/adl-texts-dalgasdomval-root,,,,
"Palladius, Peder",Peder Palladius' Danske Skrifter,"H.H. Thiele, København, 1911-1926",001823113:03,texts/palladius03val.xml,https://tekster.kb.dk/text/adl-texts-palladius03val-root,,,,
"Holberg, Ludvig",Moralske Tanker,"Det Danske Sprog- og
	  Litteraturselskab, [København], 1992",001535831:13,texts/holberg13val.xml,https://tekster.kb.dk/text/adl-texts-holberg13val-root,,,,
"Skram, Erik",Gertrude Coldbjørnsen,"Det Danske Sprog- og Litteraturselskab, [København], cop. 1987",001391922:01,texts/skrame01.xml,https://tekster.kb.dk/text/adl-texts-skrame01-root,,,,
"Hjortø, Knud",Ud for skrænten,", København, 1922",001915196:12,texts/hjort_12.xml,https://tekster.kb.dk/text/adl-texts-hjort_12-root,,,,
"Hertz, Henrik",Udvalgte dramatiske Værker,", København, 1897",002148279:03,texts/hertz03val.xml,https://tekster.kb.dk/text/adl-texts-hertz03val-root,,,,
"Andersen, H. C.",Lykke-Peer,"Det Danske Sprog- og Litteraturselskab, [København], 2001",002233942:08,texts/andersenhc08val.xml,https://tekster.kb.dk/text/adl-texts-andersenhc08val-root,,,,
"Bang, Herman",Tine,"Det Danske Sprog- og Litteraturselskab, [København], [1986]",001391895:08,texts/bang08val.xml,https://tekster.kb.dk/text/adl-texts-bang08val-root,,,,
"Brahe, Tycho",Tychonis Brahe Dani opera omnia,", Hauniæ, 1913-29",001573955:08,texts/tycho08tom.xml,https://tekster.kb.dk/text/adl-texts-tycho08tom-root,,,,
"Knudsen, Jakob","Romaner og Fortællinger, bind 2A",", København, 1917",002220626:04,texts/knud04atom.xml,https://tekster.kb.dk/text/adl-texts-knud04atom-root,,,,
"Gjellerup, Karl",Møllen. Roman i 5 Bøger,", København, 1896",001913826:03,texts/gjellerup03.xml,https://tekster.kb.dk/text/adl-texts-gjellerup03-root,,,,
"Schandorph, Sophus",Det gamle Apotek - Birgittes Skæbne. - 1904,", København, 1904-05",001832663:06,texts/schandorph06.xml,https://tekster.kb.dk/text/adl-texts-schandorph06-root,,,,
"Palladius, Peder",Peder Palladius' Danske Skrifter,"H.H. Thiele, København, 1911-1926",001823113:01,texts/palladius01val.xml,https://tekster.kb.dk/text/adl-texts-palladius01val-root,,,,
"Grundtvig, N. F. S.", Sang-Værk til den danske Kirke. - 1944,", København, 1944-1964",001823825:11,texts/grundtvig11val.xml,https://tekster.kb.dk/text/adl-texts-grundtvig11val-root,,,,
"Winther, Christian",Poetiske Skrifter,", København, 1927-29",001848833:01,texts/wintherchr01val.xml,https://tekster.kb.dk/text/adl-texts-wintherchr01val-root,,,,
"Aarestrup, Emil",Emil Aarestrups samlede skrifter,"C. A. Reitzel, København, 1976",001582980:04,texts/aare04val.xml,https://tekster.kb.dk/text/adl-texts-aare04val-root,,,,
"Grundtvig, N. F. S.",N. F. S. Grundtvigs udvalgte Skrifter,"Gyldendalske Boghandel, København, 1904-1909",001823350:05,texts/grundtvig05val.xml,https://tekster.kb.dk/text/adl-texts-grundtvig05val-root,,,,
"Biehl, Charlotta Dorothea",Moralske Fortællinger,", København, 1781-82",002161766:06,texts/biehl06tom.xml,https://tekster.kb.dk/text/adl-texts-biehl06tom-root,,,,
", ",,", , ",000000000:08,texts/tycho-08-tvillingebror.xml,https://tekster.kb.dk/text/adl-texts-tycho-08-tvillingebror-root,,,,
"Hauch, Carsten", Poetiske Arbejder. - 1929,", København, 1926-29",001848826:03,texts/hauch03val.xml,https://tekster.kb.dk/text/adl-texts-hauch03val-root,,,,
"Drachmann, Holger",Samlede poetiske Skrifter,", Kbh. & Kristiania, 1906-1909",001823907:01,texts/drachmann01.xml,https://tekster.kb.dk/text/adl-texts-drachmann01-root,,,,
"Brandes, Edvard",Lykkens Blændværk,", København, 1898",002015959:05,texts/brandesed_05.xml,https://tekster.kb.dk/text/adl-texts-brandesed_05-root,,,,
"Goldschmidt, M. A.",M. Goldschmidts Poetiske Skrifter,", København, 1896-98",001823971:06,texts/goldschmidt06tom.xml,https://tekster.kb.dk/text/adl-texts-goldschmidt06tom-root,,,,
"Fibiger, Mathilde",Clara Raphael,"Det Danske Sprog- og Litteraturselskab, [København], 1994",001666659:01,texts/fibiger01.xml,https://tekster.kb.dk/text/adl-texts-fibiger01-root,,,,
"Brandes, Georg",Samlede Skrifter,", København, 1899-1910",001823972:04,texts/brandes04.xml,https://tekster.kb.dk/text/adl-texts-brandes04-root,,,,
"Drachmann, Holger",Samlede poetiske Skrifter,", Kbh. & Kristiania, 1906-1909",001823907:12,texts/drachmann12tom.xml,https://tekster.kb.dk/text/adl-texts-drachmann12tom-root,,,,
"Claussen, Sophus",Sophus Claussens lyrik,"Det Danske Sprog- og Litteraturselskab ; Gyldendal, [København], 1982-",001383642:04,texts/claussen04val.xml,https://tekster.kb.dk/text/adl-texts-claussen04val-root,,,,
"Larsen, Karl",Københavnerfortællinger,"Det Danske Sprog- og Litteraturselskab, [København], cop. 1987",001391915:00,texts/Lars.xml,https://tekster.kb.dk/text/adl-texts-Lars-root,,,,
"Steffens, Henrich",Indledning til philosophiske Forelæsninger,"Det Danske Sprog- og Litteraturselskab, København, 1996",001751262:01,texts/steffens01val.xml,https://tekster.kb.dk/text/adl-texts-steffens01val-root,,,,
"Hjortø, Knud",Hans Råskov,"Det Schubotheske Forlag, København, 1906",001915179:06,texts/hjort_06.xml,https://tekster.kb.dk/text/adl-texts-hjort_06-root,,,,
"Juel-Hansen, Erna",En ung Dames Historie,", København, 1888",001520685:01,texts/juelh01val.xml,https://tekster.kb.dk/text/adl-texts-juelh01val-root,,,,
"Brandes, Georg",Samlede Skrifter,", København, 1899-1910",001823972:05,texts/brandes05.xml,https://tekster.kb.dk/text/adl-texts-brandes05-root,,,,
"Holberg, Ludvig",Værker i tolv bind, 1: Natur- og folkeret,"Rosenkilde og Bagger, [København], 1969-1971",001629300:10,texts/holberg10.xml,https://tekster.kb.dk/text/adl-texts-holberg10-root,,,
"Larsen, Karl",Det springende Punkt,", København, 1911",002220404:08,texts/larsenk_08.xml,https://tekster.kb.dk/text/adl-texts-larsenk_08-root,,,,
"Kingo, Thomas",Samlede skrifter 5,"Munksgaard, København, 1939-74.",001614819:05,texts/kingo05.xml,https://tekster.kb.dk/text/adl-texts-kingo05-root,,,,
"Brandes, Edvard",Udenfor Loven,", København, 1902",002143508:15,texts/brandesed_15.xml,https://tekster.kb.dk/text/adl-texts-brandesed_15-root,,,,
"Heiberg, Johanne Luise",Et liv genoplevet i erindringen,"Gyldendal, [København], 1973-74.",001663554:02,texts/heibfr02.xml,https://tekster.kb.dk/text/adl-texts-heibfr02-root,,,,
"Grundtvig, N. F. S.",N. F. S. Grundtvigs udvalgte Skrifter,"Gyldendalske Boghandel, København, 1904-1909",001823350:04,texts/grundtvig04val.xml,https://tekster.kb.dk/text/adl-texts-grundtvig04val-root,,,,
"Bødtcher, Ludvig",Samlede Digte,", Holstebro, 1940",002036511:01,texts/boedtcher01.xml,https://tekster.kb.dk/text/adl-texts-boedtcher01-root,,,,
"Biehl, Charlotta Dorothea",Moralske Fortællinger,", København, 1781-82",002161766:03,texts/biehl03tom.xml,https://tekster.kb.dk/text/adl-texts-biehl03tom-root,,,,
"Stub, Ambrosius",Digte,"Rosenkilde og Bagger, [København], 1972",001670222:01,texts/stub01val.xml,https://tekster.kb.dk/text/adl-texts-stub01val-root,,,,
"Wied, Gustav",Livsens Ondskab. 1967,"Rosenkilde og Bagger, København, 1966-",001680948:07,texts/wied07val.xml,https://tekster.kb.dk/text/adl-texts-wied07val-root,,,,
"Hauch, Carsten", Robert Fulton: 1-2. - 1928,", København, 1926-29",001848826:02,texts/hauch02val.xml,https://tekster.kb.dk/text/adl-texts-hauch02val-root,,,,
"Biehl, Charlotta Dorothea",Moralske Fortællinger,", København, 1781-82",002161766:04,texts/biehl04tom.xml,https://tekster.kb.dk/text/adl-texts-biehl04tom-root,,,,
", ",,", , ",000000000:02,texts/tycho-02-uraniahaec.xml,https://tekster.kb.dk/text/adl-texts-tycho-02-uraniahaec-root,,,,
"Rode, Helge",Kampen i Stefan Borgs Hjem,", København, 1901",001923187:03,texts/rode_03.xml,https://tekster.kb.dk/text/adl-texts-rode_03-root,,,,
"Knudsen, Jakob","Romaner og Fortællinger, bind 2B",", København, 1917",002220626:04,texts/knud04btom.xml,https://tekster.kb.dk/text/adl-texts-knud04btom-root,,,,
"Hertz, Henrik",Stemninger og Tilstande,", København, 1839",002188046:13,texts/hertz13tom.xml,https://tekster.kb.dk/text/adl-texts-hertz13tom-root,,,,
"Drachmann, Holger",En Overkomplet,"Det Danske Sprog- og Litteraturselskab, [København], cop. 1987",001391916:13,texts/drachmann13val.xml,https://tekster.kb.dk/text/adl-texts-drachmann13val-root,,,,
"Kingo, Thomas",Samlede skrifter 3,"Munksgaard, København, 1939-74.",001614819:03,texts/kingo03val.xml,https://tekster.kb.dk/text/adl-texts-kingo03val-root,,,,
"Hertz, Henrik","Digte fra forskjellige Perioder, 1.-4. Deel.",", København, 1851-62.",002038239:11,texts/hertz11_lev.xml,https://tekster.kb.dk/text/adl-texts-hertz11_lev-root,,,,
"Falster, Christian",Lærdoms Lystgaard eller Adskillige Discurser,", København, 1919-20",001942950:03,texts/falster03.xml,https://tekster.kb.dk/text/adl-texts-falster03-root,,,,
"Holberg, Ludvig",Værker i tolv bind, 9: Niels Klim,"Rosenkilde og Bagger, [København], 1969-1971",001629300:09,texts/holberg09.xml,https://tekster.kb.dk/text/adl-texts-holberg09-root,,,
"Michaëlis, Sophus",Solblomster. Titelvignet af Frode Eskesen,"Gyldendal, København, 1893",001940559:03,texts/michs_03.xml,https://tekster.kb.dk/text/adl-texts-michs_03-root,,,,
"Baggesen, Jens"," Riimbreve og poetiske Epistler. 2. Samling, 1809-1823. - 1894",", København, 1889-1903",001823352:03,texts/baggesen03tom.xml,https://tekster.kb.dk/text/adl-texts-baggesen03tom-root,,,,
"Biehl, Charlotta Dorothea",Moralske fortællinger 1761-1805,"Det Danske Sprog- og Litteraturselskab, [København], 1993",001648734:07,texts/biehl07tom.xml,https://tekster.kb.dk/text/adl-texts-biehl07tom-root,,,,
"Winther, Christian",Poetiske Skrifter,", København, 1927-29",001848833:02,texts/wintherchr02val.xml,https://tekster.kb.dk/text/adl-texts-wintherchr02val-root,,,,
